RunTime,ExecutableName
2017-02-02 21:25:44,56.0.2924.87_56.0.2924.76_CHR
2017-02-02 21:24:40,\VOLUME{01d2783140af8e9f-14412537}\PROGRAM FILES (X86)\HEWLETT-PACKARD\HP 3D DRIVEGUARD\ACCELEROMETERST.EXE
2017-02-01 19:07:58,\VOLUME{01d2783140af8e9f-14412537}\PROGRAM FILES (X86)\HEWLETT-PACKARD\HP 3D DRIVEGUARD\ACCELEROMETERST.EXE
2017-02-01 16:55:31,\VOLUME{01d2783140af8e9f-14412537}\PROGRAM FILES (X86)\HEWLETT-PACKARD\HP 3D DRIVEGUARD\ACCELEROMETERST.EXE
2017-01-31 18:51:36,\VOLUME{01d2783140af8e9f-14412537}\PROGRAM FILES (X86)\HEWLETT-PACKARD\HP 3D DRIVEGUARD\ACCELEROMETERST.EXE
2017-01-30 18:46:32,\VOLUME{01d2783140af8e9f-14412537}\PROGRAM FILES (X86)\HEWLETT-PACKARD\HP 3D DRIVEGUARD\ACCELEROMETERST.EXE
2017-02-02 21:26:33,\VOLUME{01d2783140af8e9f-14412537}\WINDOWS\SOFTWAREDISTRIBUTION\DOWNLOAD\INSTALL\AM_DELTA.EXE
2017-01-31 19:00:23,\VOLUME{01d2783140af8e9f-14412537}\WINDOWS\SOFTWAREDISTRIBUTION\DOWNLOAD\INSTALL\AM_DELTA.EXE
2017-01-30 18:47:25,\VOLUME{01d2783140af8e9f-14412537}\WINDOWS\SOFTWAREDISTRIBUTION\DOWNLOAD\INSTALL\AM_DELTA.EXE
2017-01-27 17:13:15,AM_DELTA_PATCH_1.235.1383.0.E
2017-02-01 16:58:53,AM_DELTA_PATCH_1.235.1750.0.E
2017-01-27 02:43:23,\VOLUME{01d2783140af8e9f-14412537}\WINDOWS\SYSTEM32\INETSRV\APPCMD.EXE
2017-01-27 02:43:23,\VOLUME{01d2783140af8e9f-14412537}\WINDOWS\SYSTEM32\INETSRV\APPCMD.EXE
2017-01-27 02:43:23,\VOLUME{01d2783140af8e9f-14412537}\WINDOWS\SYSTEM32\INETSRV\APPCMD.EXE
2017-01-27 02:43:22,\VOLUME{01d2783140af8e9f-14412537}\WINDOWS\SYSTEM32\INETSRV\APPCMD.EXE
2017-01-27 02:43:21,\VOLUME{01d2783140af8e9f-14412537}\WINDOWS\SYSTEM32\INETSRV\APPCMD.EXE
2017-02-02 22:00:40,\VOLUME{01d2783140af8e9f-14412537}\WINDOWS\SYSTEM32\APPLICATIONFRAMEHOST.EXE
2017-02-01 17:21:10,\VOLUME{01d2783140af8e9f-14412537}\WINDOWS\SYSTEM32\APPLICATIONFRAMEHOST.EXE
2017-01-31 19:36:33,\VOLUME{01d2783140af8e9f-14412537}\WINDOWS\SYSTEM32\APPLICATIONFRAMEHOST.EXE
2017-01-30 22:56:22,\VOLUME{01d2783140af8e9f-14412537}\WINDOWS\SYSTEM32\APPLICATIONFRAMEHOST.EXE
2017-01-30 22:39:59,\VOLUME{01d2783140af8e9f-14412537}\WINDOWS\SYSTEM32\APPLICATIONFRAMEHOST.EXE
2017-01-28 21:42:17,\VOLUME{01d2783140af8e9f-14412537}\WINDOWS\SYSTEM32\APPLICATIONFRAMEHOST.EXE
2017-01-27 17:22:21,\VOLUME{01d2783140af8e9f-14412537}\WINDOWS\SYSTEM32\APPLICATIONFRAMEHOST.EXE
2017-01-27 02:43:28,\VOLUME{01d2783140af8e9f-14412537}\WINDOWS\SYSWOW64\INETSRV\ASPNETCA.EXE
2017-01-27 02:43:26,\VOLUME{01d2783140af8e9f-14412537}\WINDOWS\SYSTEM32\INETSRV\ASPNETCA.EXE
2017-01-27 02:43:32,\VOLUME{01d2783140af8e9f-14412537}\WINDOWS\MICROSOFT.NET\FRAMEWORK\V2.0.50727\ASPNET_REGIIS.EXE
2017-01-27 02:43:33,\VOLUME{01d2783140af8e9f-14412537}\WINDOWS\MICROSOFT.NET\FRAMEWORK64\V2.0.50727\ASPNET_REGIIS.EXE
2017-02-01 17:31:11,\VOLUME{01d2783140af8e9f-14412537}\WINDOWS\SYSTEM32\AUDIODG.EXE
2017-02-01 17:24:02,\VOLUME{01d2783140af8e9f-14412537}\WINDOWS\SYSTEM32\AUDIODG.EXE
2017-01-30 22:48:49,\VOLUME{01d2783140af8e9f-14412537}\WINDOWS\SYSTEM32\AUDIODG.EXE
2017-01-27 17:43:02,\VOLUME{01d2783140af8e9f-14412537}\WINDOWS\SYSTEM32\AUDIODG.EXE
2017-01-27 17:27:44,\VOLUME{01d2783140af8e9f-14412537}\WINDOWS\SYSTEM32\AUDIODG.EXE
2017-01-27 16:57:10,\VOLUME{01d2783140af8e9f-14412537}\WINDOWS\SYSTEM32\AUDIODG.EXE
2017-02-02 22:48:59,\VOLUME{01d2783140af8e9f-14412537}\WINDOWS\SYSTEM32\BACKGROUNDTASKHOST.EXE
2017-02-02 21:24:26,\VOLUME{01d2783140af8e9f-14412537}\WINDOWS\SYSTEM32\BACKGROUNDTASKHOST.EXE
2017-02-01 19:07:47,\VOLUME{01d2783140af8e9f-14412537}\WINDOWS\SYSTEM32\BACKGROUNDTASKHOST.EXE
2017-02-01 19:07:45,\VOLUME{01d2783140af8e9f-14412537}\WINDOWS\SYSTEM32\BACKGROUNDTASKHOST.EXE
2017-02-01 17:07:39,\VOLUME{01d2783140af8e9f-14412537}\WINDOWS\SYSTEM32\BACKGROUNDTASKHOST.EXE
2017-02-01 16:55:19,\VOLUME{01d2783140af8e9f-14412537}\WINDOWS\SYSTEM32\BACKGROUNDTASKHOST.EXE
2017-01-31 18:51:22,\VOLUME{01d2783140af8e9f-14412537}\WINDOWS\SYSTEM32\BACKGROUNDTASKHOST.EXE
2017-01-30 22:48:39,\VOLUME{01d2783140af8e9f-14412537}\WINDOWS\SYSTEM32\BACKGROUNDTASKHOST.EXE
2017-01-31 19:14:12,\VOLUME{01d2783140af8e9f-14412537}\WINDOWS\SYSTEM32\BACKGROUNDTASKHOST.EXE
2017-01-31 19:01:22,\VOLUME{01d2783140af8e9f-14412537}\WINDOWS\SYSTEM32\BACKGROUNDTASKHOST.EXE
2017-01-30 19:20:39,\VOLUME{01d2783140af8e9f-14412537}\WINDOWS\SYSTEM32\BACKGROUNDTASKHOST.EXE
2017-02-02 22:48:53,\VOLUME{01d2783140af8e9f-14412537}\WINDOWS\SYSTEM32\BACKGROUNDTASKHOST.EXE
2017-02-02 21:25:23,\VOLUME{01d2783140af8e9f-14412537}\WINDOWS\SYSTEM32\BACKGROUNDTASKHOST.EXE
2017-02-01 17:01:05,\VOLUME{01d2783140af8e9f-14412537}\WINDOWS\SYSTEM32\BACKGROUNDTASKHOST.EXE
2017-01-30 18:47:31,\VOLUME{01d2783140af8e9f-14412537}\WINDOWS\SYSTEM32\BACKGROUNDTASKHOST.EXE
2017-01-27 17:37:35,\VOLUME{01d2783140af8e9f-14412537}\WINDOWS\SYSTEM32\BACKGROUNDTASKHOST.EXE
2017-01-27 17:22:19,\VOLUME{01d2783140af8e9f-14412537}\WINDOWS\SYSTEM32\BACKGROUNDTASKHOST.EXE
2017-02-02 22:39:08,\VOLUME{01d2783140af8e9f-14412537}\WINDOWS\SYSTEM32\BROWSER_BROKER.EXE
2017-02-02 22:38:38,\VOLUME{01d2783140af8e9f-14412537}\WINDOWS\SYSTEM32\BROWSER_BROKER.EXE
2017-02-02 22:38:35,\VOLUME{01d2783140af8e9f-14412537}\WINDOWS\SYSTEM32\BROWSER_BROKER.EXE
2017-02-01 17:21:11,\VOLUME{01d2783140af8e9f-14412537}\WINDOWS\SYSTEM32\BROWSER_BROKER.EXE
2017-01-30 22:45:48,\VOLUME{01d2783140af8e9f-14412537}\WINDOWS\SYSTEM32\BROWSER_BROKER.EXE
2017-01-27 17:22:22,\VOLUME{01d2783140af8e9f-14412537}\WINDOWS\SYSTEM32\BROWSER_BROKER.EXE
2017-01-27 17:35:16,\VOLUME{01d2783140af8e9f-14412537}\WINDOWS\SYSWOW64\BYTECODEGENERATOR.EXE
2017-01-27 17:13:29,\VOLUME{01d2783140af8e9f-14412537}\WINDOWS\SYSWOW64\BYTECODEGENERATOR.EXE
2017-01-27 17:13:27,\VOLUME{01d2783140af8e9f-14412537}\WINDOWS\SYSWOW64\BYTECODEGENERATOR.EXE
2017-01-27 17:13:25,\VOLUME{01d2783140af8e9f-14412537}\WINDOWS\SYSWOW64\BYTECODEGENERATOR.EXE
2017-01-27 17:13:25,\VOLUME{01d2783140af8e9f-14412537}\WINDOWS\SYSWOW64\BYTECODEGENERATOR.EXE
2017-01-27 17:13:23,\VOLUME{01d2783140af8e9f-14412537}\WINDOWS\SYSWOW64\BYTECODEGENERATOR.EXE
2017-01-27 17:13:01,\VOLUME{01d2783140af8e9f-14412537}\WINDOWS\SYSWOW64\BYTECODEGENERATOR.EXE
2017-01-27 17:12:45,\VOLUME{01d2783140af8e9f-14412537}\WINDOWS\SYSWOW64\BYTECODEGENERATOR.EXE
2017-01-27 17:35:19,\VOLUME{01d2783140af8e9f-14412537}\WINDOWS\SYSTEM32\BYTECODEGENERATOR.EXE
2017-01-27 17:35:17,\VOLUME{01d2783140af8e9f-14412537}\WINDOWS\SYSTEM32\BYTECODEGENERATOR.EXE
2017-01-27 17:13:30,\VOLUME{01d2783140af8e9f-14412537}\WINDOWS\SYSTEM32\BYTECODEGENERATOR.EXE
2017-01-27 16:54:50,\VOLUME{01d2783140af8e9f-14412537}\PROGRAM FILES (X86)\GOOGLE\CHROME\APPLICATION\56.0.2924.76\INSTALLER\CHRMSTP.EXE
2017-01-27 16:54:50,\VOLUME{01d2783140af8e9f-14412537}\PROGRAM FILES (X86)\GOOGLE\CHROME\APPLICATION\56.0.2924.76\INSTALLER\CHRMSTP.EXE
2017-02-02 21:57:10,\VOLUME{01d2783140af8e9f-14412537}\PROGRAM FILES (X86)\GOOGLE\CHROME\APPLICATION\CHROME.EXE
2017-02-02 21:28:24,\VOLUME{01d2783140af8e9f-14412537}\PROGRAM FILES (X86)\GOOGLE\CHROME\APPLICATION\CHROME.EXE
2017-01-31 19:15:08,\VOLUME{01d2783140af8e9f-14412537}\PROGRAM FILES (X86)\GOOGLE\CHROME\APPLICATION\CHROME.EXE
2017-01-31 19:10:30,\VOLUME{01d2783140af8e9f-14412537}\PROGRAM FILES (X86)\GOOGLE\CHROME\APPLICATION\CHROME.EXE
2017-01-31 18:51:38,\VOLUME{01d2783140af8e9f-14412537}\PROGRAM FILES (X86)\GOOGLE\CHROME\APPLICATION\CHROME.EXE
2017-01-30 22:50:58,\VOLUME{01d2783140af8e9f-14412537}\PROGRAM FILES (X86)\GOOGLE\CHROME\APPLICATION\CHROME.EXE
2017-01-30 22:35:16,\VOLUME{01d2783140af8e9f-14412537}\PROGRAM FILES (X86)\GOOGLE\CHROME\APPLICATION\CHROME.EXE
2017-01-30 18:48:48,\VOLUME{01d2783140af8e9f-14412537}\PROGRAM FILES (X86)\GOOGLE\CHROME\APPLICATION\CHROME.EXE
2017-02-02 22:49:15,\VOLUME{01d2783140af8e9f-14412537}\PROGRAM FILES (X86)\GOOGLE\CHROME\APPLICATION\CHROME.EXE
2017-02-02 22:42:30,\VOLUME{01d2783140af8e9f-14412537}\PROGRAM FILES (X86)\GOOGLE\CHROME\APPLICATION\CHROME.EXE
2017-02-02 22:23:43,\VOLUME{01d2783140af8e9f-14412537}\PROGRAM FILES (X86)\GOOGLE\CHROME\APPLICATION\CHROME.EXE
2017-02-02 22:07:25,\VOLUME{01d2783140af8e9f-14412537}\PROGRAM FILES (X86)\GOOGLE\CHROME\APPLICATION\CHROME.EXE
2017-02-02 21:57:10,\VOLUME{01d2783140af8e9f-14412537}\PROGRAM FILES (X86)\GOOGLE\CHROME\APPLICATION\CHROME.EXE
2017-02-02 21:28:26,\VOLUME{01d2783140af8e9f-14412537}\PROGRAM FILES (X86)\GOOGLE\CHROME\APPLICATION\CHROME.EXE
2017-02-01 19:09:36,\VOLUME{01d2783140af8e9f-14412537}\PROGRAM FILES (X86)\GOOGLE\CHROME\APPLICATION\CHROME.EXE
2017-02-01 19:09:36,\VOLUME{01d2783140af8e9f-14412537}\PROGRAM FILES (X86)\GOOGLE\CHROME\APPLICATION\CHROME.EXE
2017-02-02 21:57:10,\VOLUME{01d2783140af8e9f-14412537}\PROGRAM FILES (X86)\GOOGLE\CHROME\APPLICATION\CHROME.EXE
2017-02-01 19:09:35,\VOLUME{01d2783140af8e9f-14412537}\PROGRAM FILES (X86)\GOOGLE\CHROME\APPLICATION\CHROME.EXE
2017-02-01 16:57:12,\VOLUME{01d2783140af8e9f-14412537}\PROGRAM FILES (X86)\GOOGLE\CHROME\APPLICATION\CHROME.EXE
2017-01-31 19:15:08,\VOLUME{01d2783140af8e9f-14412537}\PROGRAM FILES (X86)\GOOGLE\CHROME\APPLICATION\CHROME.EXE
2017-01-31 18:51:44,\VOLUME{01d2783140af8e9f-14412537}\PROGRAM FILES (X86)\GOOGLE\CHROME\APPLICATION\CHROME.EXE
2017-01-30 22:50:59,\VOLUME{01d2783140af8e9f-14412537}\PROGRAM FILES (X86)\GOOGLE\CHROME\APPLICATION\CHROME.EXE
2017-01-30 22:49:02,\VOLUME{01d2783140af8e9f-14412537}\PROGRAM FILES (X86)\GOOGLE\CHROME\APPLICATION\CHROME.EXE
2017-01-30 22:38:30,\VOLUME{01d2783140af8e9f-14412537}\PROGRAM FILES (X86)\GOOGLE\CHROME\APPLICATION\CHROME.EXE
2017-02-01 17:05:13,\VOLUME{01d2783140af8e9f-14412537}\PROGRAM FILES (X86)\GOOGLE\CHROME\APPLICATION\CHROME.EXE
2017-01-31 19:14:52,\VOLUME{01d2783140af8e9f-14412537}\PROGRAM FILES (X86)\GOOGLE\CHROME\APPLICATION\CHROME.EXE
2017-01-31 19:12:08,\VOLUME{01d2783140af8e9f-14412537}\PROGRAM FILES (X86)\GOOGLE\CHROME\APPLICATION\CHROME.EXE
2017-01-31 19:10:31,\VOLUME{01d2783140af8e9f-14412537}\PROGRAM FILES (X86)\GOOGLE\CHROME\APPLICATION\CHROME.EXE
2017-01-31 19:08:50,\VOLUME{01d2783140af8e9f-14412537}\PROGRAM FILES (X86)\GOOGLE\CHROME\APPLICATION\CHROME.EXE
2017-01-28 22:44:45,\VOLUME{01d2783140af8e9f-14412537}\PROGRAM FILES (X86)\GOOGLE\CHROME\APPLICATION\CHROME.EXE
2017-01-28 22:39:59,\VOLUME{01d2783140af8e9f-14412537}\PROGRAM FILES (X86)\GOOGLE\CHROME\APPLICATION\CHROME.EXE
2017-01-28 22:39:27,\VOLUME{01d2783140af8e9f-14412537}\PROGRAM FILES (X86)\GOOGLE\CHROME\APPLICATION\CHROME.EXE
2017-02-02 21:57:10,\VOLUME{01d2783140af8e9f-14412537}\PROGRAM FILES (X86)\GOOGLE\CHROME\APPLICATION\CHROME.EXE
2017-02-02 21:28:25,\VOLUME{01d2783140af8e9f-14412537}\PROGRAM FILES (X86)\GOOGLE\CHROME\APPLICATION\CHROME.EXE
2017-02-01 19:09:35,\VOLUME{01d2783140af8e9f-14412537}\PROGRAM FILES (X86)\GOOGLE\CHROME\APPLICATION\CHROME.EXE
2017-02-01 16:57:12,\VOLUME{01d2783140af8e9f-14412537}\PROGRAM FILES (X86)\GOOGLE\CHROME\APPLICATION\CHROME.EXE
2017-01-31 19:15:08,\VOLUME{01d2783140af8e9f-14412537}\PROGRAM FILES (X86)\GOOGLE\CHROME\APPLICATION\CHROME.EXE
2017-01-31 18:51:44,\VOLUME{01d2783140af8e9f-14412537}\PROGRAM FILES (X86)\GOOGLE\CHROME\APPLICATION\CHROME.EXE
2017-01-30 22:50:58,\VOLUME{01d2783140af8e9f-14412537}\PROGRAM FILES (X86)\GOOGLE\CHROME\APPLICATION\CHROME.EXE
2017-01-30 22:49:01,\VOLUME{01d2783140af8e9f-14412537}\PROGRAM FILES (X86)\GOOGLE\CHROME\APPLICATION\CHROME.EXE
2017-02-02 21:57:10,\VOLUME{01d2783140af8e9f-14412537}\PROGRAM FILES (X86)\GOOGLE\CHROME\APPLICATION\CHROME.EXE
2017-02-02 21:28:25,\VOLUME{01d2783140af8e9f-14412537}\PROGRAM FILES (X86)\GOOGLE\CHROME\APPLICATION\CHROME.EXE
2017-02-01 19:09:34,\VOLUME{01d2783140af8e9f-14412537}\PROGRAM FILES (X86)\GOOGLE\CHROME\APPLICATION\CHROME.EXE
2017-02-01 16:57:11,\VOLUME{01d2783140af8e9f-14412537}\PROGRAM FILES (X86)\GOOGLE\CHROME\APPLICATION\CHROME.EXE
2017-01-31 19:15:08,\VOLUME{01d2783140af8e9f-14412537}\PROGRAM FILES (X86)\GOOGLE\CHROME\APPLICATION\CHROME.EXE
2017-01-31 19:10:30,\VOLUME{01d2783140af8e9f-14412537}\PROGRAM FILES (X86)\GOOGLE\CHROME\APPLICATION\CHROME.EXE
2017-01-31 18:51:43,\VOLUME{01d2783140af8e9f-14412537}\PROGRAM FILES (X86)\GOOGLE\CHROME\APPLICATION\CHROME.EXE
2017-01-30 22:50:58,\VOLUME{01d2783140af8e9f-14412537}\PROGRAM FILES (X86)\GOOGLE\CHROME\APPLICATION\CHROME.EXE
2017-02-02 21:57:56,\VOLUME{01d2783140af8e9f-14412537}\PROGRAM FILES (X86)\GOOGLE\CHROME\APPLICATION\CHROME.EXE
2017-02-02 21:35:08,\VOLUME{01d2783140af8e9f-14412537}\PROGRAM FILES (X86)\GOOGLE\CHROME\APPLICATION\CHROME.EXE
2017-02-02 21:29:11,\VOLUME{01d2783140af8e9f-14412537}\PROGRAM FILES (X86)\GOOGLE\CHROME\APPLICATION\CHROME.EXE
2017-02-01 19:10:21,\VOLUME{01d2783140af8e9f-14412537}\PROGRAM FILES (X86)\GOOGLE\CHROME\APPLICATION\CHROME.EXE
2017-02-01 17:03:13,\VOLUME{01d2783140af8e9f-14412537}\PROGRAM FILES (X86)\GOOGLE\CHROME\APPLICATION\CHROME.EXE
2017-02-01 17:00:03,\VOLUME{01d2783140af8e9f-14412537}\PROGRAM FILES (X86)\GOOGLE\CHROME\APPLICATION\CHROME.EXE
2017-02-01 16:57:58,\VOLUME{01d2783140af8e9f-14412537}\PROGRAM FILES (X86)\GOOGLE\CHROME\APPLICATION\CHROME.EXE
2017-01-31 19:15:53,\VOLUME{01d2783140af8e9f-14412537}\PROGRAM FILES (X86)\GOOGLE\CHROME\APPLICATION\CHROME.EXE
2017-01-27 16:54:44,\VOLUME{01d2783140af8e9f-14412537}\WINDOWS\SYSTEM32\CLIPUP.EXE
2017-01-27 02:47:59,\VOLUME{01d2783140af8e9f-14412537}\WINDOWS\SYSTEM32\CLIPUP.EXE
2017-01-27 02:47:59,\VOLUME{01d2783140af8e9f-14412537}\WINDOWS\SYSTEM32\CLIPUP.EXE
2017-01-27 02:47:59,\VOLUME{01d2783140af8e9f-14412537}\WINDOWS\SYSTEM32\CLIPUP.EXE
2017-01-27 02:47:59,\VOLUME{01d2783140af8e9f-14412537}\WINDOWS\SYSTEM32\CLIPUP.EXE
2017-02-02 21:24:15,\VOLUME{01d2783140af8e9f-14412537}\WINDOWS\SYSTEM32\CMD.EXE
2017-02-01 19:07:32,\VOLUME{01d2783140af8e9f-14412537}\WINDOWS\SYSTEM32\CMD.EXE
2017-02-01 16:55:27,\VOLUME{01d2783140af8e9f-14412537}\WINDOWS\SYSTEM32\CMD.EXE
2017-02-01 16:55:27,\VOLUME{01d2783140af8e9f-14412537}\WINDOWS\SYSTEM32\CMD.EXE
2017-02-01 16:55:06,\VOLUME{01d2783140af8e9f-14412537}\WINDOWS\SYSTEM32\CMD.EXE
2017-01-31 18:51:11,\VOLUME{01d2783140af8e9f-14412537}\WINDOWS\SYSTEM32\CMD.EXE
2017-01-30 22:34:48,\VOLUME{01d2783140af8e9f-14412537}\WINDOWS\SYSTEM32\CMD.EXE
2017-02-02 22:25:37,\VOLUME{01d2783140af8e9f-14412537}\WINDOWS\SYSWOW64\CMD.EXE
2017-02-02 22:25:28,\VOLUME{01d2783140af8e9f-14412537}\WINDOWS\SYSWOW64\CMD.EXE
2017-02-02 22:25:27,\VOLUME{01d2783140af8e9f-14412537}\WINDOWS\SYSWOW64\CMD.EXE
2017-02-02 22:25:27,\VOLUME{01d2783140af8e9f-14412537}\WINDOWS\SYSWOW64\CMD.EXE
2017-02-02 22:25:27,\VOLUME{01d2783140af8e9f-14412537}\WINDOWS\SYSWOW64\CMD.EXE
2017-02-02 22:25:27,\VOLUME{01d2783140af8e9f-14412537}\WINDOWS\SYSWOW64\CMD.EXE
2017-02-01 17:00:46,\VOLUME{01d2783140af8e9f-14412537}\WINDOWS\SYSTEM32\COMPATTELRUNNER.EXE
2017-01-27 17:35:52,\VOLUME{01d2783140af8e9f-14412537}\WINDOWS\SYSTEM32\COMPATTELRUNNER.EXE
2017-01-27 17:32:44,\VOLUME{01d2783140af8e9f-14412537}\WINDOWS\SYSTEM32\COMPATTELRUNNER.EXE
2017-01-27 17:31:44,\VOLUME{01d2783140af8e9f-14412537}\WINDOWS\SYSTEM32\COMPATTELRUNNER.EXE
2017-01-27 17:30:36,\VOLUME{01d2783140af8e9f-14412537}\WINDOWS\SYSTEM32\COMPATTELRUNNER.EXE
2017-01-27 17:14:02,\VOLUME{01d2783140af8e9f-14412537}\WINDOWS\SYSTEM32\COMPATTELRUNNER.EXE
2017-01-27 02:48:21,\VOLUME{01d2783140af8e9f-14412537}\WINDOWS\SYSTEM32\COMPATTELRUNNER.EXE
2017-02-02 21:24:15,\VOLUME{01d2783140af8e9f-14412537}\WINDOWS\SYSTEM32\CONSENT.EXE
2017-02-01 16:55:06,\VOLUME{01d2783140af8e9f-14412537}\WINDOWS\SYSTEM32\CONSENT.EXE
2017-01-31 18:51:11,\VOLUME{01d2783140af8e9f-14412537}\WINDOWS\SYSTEM32\CONSENT.EXE
2017-01-27 16:54:35,\VOLUME{01d2783140af8e9f-14412537}\WINDOWS\SYSTEM32\CONSENT.EXE
2017-01-30 22:40:04,\VOLUME{01d2783140af8e9f-14412537}\WINDOWS\SYSTEM32\CREDENTIALUIBROKER.EXE
2017-02-02 22:53:20,\VOLUME{01d2783140af8e9f-14412537}\WINDOWS\SYSTEM32\CSRSS.EXE
2017-02-01 19:59:35,\VOLUME{01d2783140af8e9f-14412537}\WINDOWS\SYSTEM32\CSRSS.EXE
2017-02-01 17:54:15,\VOLUME{01d2783140af8e9f-14412537}\WINDOWS\SYSTEM32\CSRSS.EXE
2017-01-31 20:01:40,\VOLUME{01d2783140af8e9f-14412537}\WINDOWS\SYSTEM32\CSRSS.EXE
2017-01-30 23:08:07,\VOLUME{01d2783140af8e9f-14412537}\WINDOWS\SYSTEM32\CSRSS.EXE
2017-01-30 19:28:17,\VOLUME{01d2783140af8e9f-14412537}\WINDOWS\SYSTEM32\CSRSS.EXE
2017-01-28 22:44:52,\VOLUME{01d2783140af8e9f-14412537}\WINDOWS\SYSTEM32\CSRSS.EXE
2017-01-27 18:54:18,\VOLUME{01d2783140af8e9f-14412537}\WINDOWS\SYSTEM32\CSRSS.EXE
2017-01-27 17:20:39,\VOLUME{01d2783140af8e9f-14412537}\WINDOWS\SYSTEM32\DASHOST.EXE
2017-02-02 22:53:18,\VOLUME{01d2783140af8e9f-14412537}\WINDOWS\SYSTEM32\DLLHOST.EXE
2017-02-02 22:48:53,\VOLUME{01d2783140af8e9f-14412537}\WINDOWS\SYSTEM32\DLLHOST.EXE
2017-02-01 19:59:33,\VOLUME{01d2783140af8e9f-14412537}\WINDOWS\SYSTEM32\DLLHOST.EXE
2017-02-01 17:07:34,\VOLUME{01d2783140af8e9f-14412537}\WINDOWS\SYSTEM32\DLLHOST.EXE
2017-02-01 17:01:06,\VOLUME{01d2783140af8e9f-14412537}\WINDOWS\SYSTEM32\DLLHOST.EXE
2017-01-31 20:01:38,\VOLUME{01d2783140af8e9f-14412537}\WINDOWS\SYSTEM32\DLLHOST.EXE
2017-01-30 23:08:01,\VOLUME{01d2783140af8e9f-14412537}\WINDOWS\SYSTEM32\DLLHOST.EXE
2017-01-30 22:46:22,\VOLUME{01d2783140af8e9f-14412537}\WINDOWS\SYSTEM32\DLLHOST.EXE
2017-02-01 17:01:23,\VOLUME{01d2783140af8e9f-14412537}\WINDOWS\SYSWOW64\DLLHOST.EXE
2017-02-01 17:01:15,\VOLUME{01d2783140af8e9f-14412537}\WINDOWS\SYSWOW64\DLLHOST.EXE
2017-02-01 16:59:38,\VOLUME{01d2783140af8e9f-14412537}\WINDOWS\SYSWOW64\DLLHOST.EXE
2017-02-01 16:59:25,\VOLUME{01d2783140af8e9f-14412537}\WINDOWS\SYSWOW64\DLLHOST.EXE
2017-02-01 16:58:10,\VOLUME{01d2783140af8e9f-14412537}\WINDOWS\SYSWOW64\DLLHOST.EXE
2017-02-01 16:58:03,\VOLUME{01d2783140af8e9f-14412537}\WINDOWS\SYSWOW64\DLLHOST.EXE
2017-02-01 16:57:49,\VOLUME{01d2783140af8e9f-14412537}\WINDOWS\SYSWOW64\DLLHOST.EXE
2017-02-01 16:57:35,\VOLUME{01d2783140af8e9f-14412537}\WINDOWS\SYSWOW64\DLLHOST.EXE
2017-02-02 22:48:53,\VOLUME{01d2783140af8e9f-14412537}\WINDOWS\SYSTEM32\DLLHOST.EXE
2017-02-01 19:59:33,\VOLUME{01d2783140af8e9f-14412537}\WINDOWS\SYSTEM32\DLLHOST.EXE
2017-02-01 17:01:06,\VOLUME{01d2783140af8e9f-14412537}\WINDOWS\SYSTEM32\DLLHOST.EXE
2017-01-31 20:01:38,\VOLUME{01d2783140af8e9f-14412537}\WINDOWS\SYSTEM32\DLLHOST.EXE
2017-01-30 23:08:02,\VOLUME{01d2783140af8e9f-14412537}\WINDOWS\SYSTEM32\DLLHOST.EXE
2017-01-30 22:46:22,\VOLUME{01d2783140af8e9f-14412537}\WINDOWS\SYSTEM32\DLLHOST.EXE
2017-01-30 19:28:15,\VOLUME{01d2783140af8e9f-14412537}\WINDOWS\SYSTEM32\DLLHOST.EXE
2017-01-28 22:44:49,\VOLUME{01d2783140af8e9f-14412537}\WINDOWS\SYSTEM32\DLLHOST.EXE
2017-01-28 22:36:52,\VOLUME{01d2783140af8e9f-14412537}\WINDOWS\SYSTEM32\DLLHOST.EXE
2017-02-02 21:25:39,\VOLUME{01d2783140af8e9f-14412537}\WINDOWS\SYSTEM32\DLLHOST.EXE
2017-02-01 16:58:15,\VOLUME{01d2783140af8e9f-14412537}\WINDOWS\SYSTEM32\DLLHOST.EXE
2017-01-31 19:00:19,\VOLUME{01d2783140af8e9f-14412537}\WINDOWS\SYSTEM32\DLLHOST.EXE
2017-01-30 18:47:18,\VOLUME{01d2783140af8e9f-14412537}\WINDOWS\SYSTEM32\DLLHOST.EXE
2017-01-27 17:09:30,\VOLUME{01d2783140af8e9f-14412537}\WINDOWS\SYSTEM32\DLLHOST.EXE
2017-02-02 22:51:41,\VOLUME{01d2783140af8e9f-14412537}\WINDOWS\SYSTEM32\DLLHOST.EXE
2017-02-02 22:41:48,\VOLUME{01d2783140af8e9f-14412537}\WINDOWS\SYSTEM32\DLLHOST.EXE
2017-02-02 22:38:14,\VOLUME{01d2783140af8e9f-14412537}\WINDOWS\SYSTEM32\DLLHOST.EXE
2017-02-02 22:25:25,\VOLUME{01d2783140af8e9f-14412537}\WINDOWS\SYSTEM32\DLLHOST.EXE
2017-02-02 21:59:01,\VOLUME{01d2783140af8e9f-14412537}\WINDOWS\SYSTEM32\DLLHOST.EXE
2017-02-02 21:26:53,\VOLUME{01d2783140af8e9f-14412537}\WINDOWS\SYSTEM32\DLLHOST.EXE
2017-02-01 17:07:35,\VOLUME{01d2783140af8e9f-14412537}\WINDOWS\SYSTEM32\DLLHOST.EXE
2017-02-01 16:59:03,\VOLUME{01d2783140af8e9f-14412537}\WINDOWS\SYSTEM32\DLLHOST.EXE
2017-02-02 21:25:38,\VOLUME{01d2783140af8e9f-14412537}\WINDOWS\SYSTEM32\DLLHOST.EXE
2017-02-02 21:24:14,\VOLUME{01d2783140af8e9f-14412537}\WINDOWS\SYSTEM32\DLLHOST.EXE
2017-02-01 19:07:31,\VOLUME{01d2783140af8e9f-14412537}\WINDOWS\SYSTEM32\DLLHOST.EXE
2017-02-01 16:57:56,\VOLUME{01d2783140af8e9f-14412537}\WINDOWS\SYSTEM32\DLLHOST.EXE
2017-02-01 16:55:04,\VOLUME{01d2783140af8e9f-14412537}\WINDOWS\SYSTEM32\DLLHOST.EXE
2017-01-31 18:53:19,\VOLUME{01d2783140af8e9f-14412537}\WINDOWS\SYSTEM32\DLLHOST.EXE
2017-01-31 18:51:10,\VOLUME{01d2783140af8e9f-14412537}\WINDOWS\SYSTEM32\DLLHOST.EXE
2017-01-30 22:34:47,\VOLUME{01d2783140af8e9f-14412537}\WINDOWS\SYSTEM32\DLLHOST.EXE
2017-01-27 02:55:51,\VOLUME{01d2783140af8e9f-14412537}\WINDOWS\SYSTEM32\DLLHOST.EXE
2017-01-27 02:52:20,\VOLUME{01d2783140af8e9f-14412537}\WINDOWS\SYSTEM32\DLLHOST.EXE
2017-01-30 22:50:26,\VOLUME{01d2783140af8e9f-14412537}\WINDOWS\SYSTEM32\DLLHOST.EXE
2017-01-30 22:50:08,\VOLUME{01d2783140af8e9f-14412537}\WINDOWS\SYSTEM32\DLLHOST.EXE
2017-01-30 22:45:27,\VOLUME{01d2783140af8e9f-14412537}\WINDOWS\SYSTEM32\DLLHOST.EXE
2017-01-30 22:45:03,\VOLUME{01d2783140af8e9f-14412537}\WINDOWS\SYSTEM32\DLLHOST.EXE
2017-01-30 22:44:34,\VOLUME{01d2783140af8e9f-14412537}\WINDOWS\SYSTEM32\DLLHOST.EXE
2017-01-30 22:44:05,\VOLUME{01d2783140af8e9f-14412537}\WINDOWS\SYSTEM32\DLLHOST.EXE
2017-01-30 22:43:43,\VOLUME{01d2783140af8e9f-14412537}\WINDOWS\SYSTEM32\DLLHOST.EXE
2017-01-30 22:43:04,\VOLUME{01d2783140af8e9f-14412537}\WINDOWS\SYSTEM32\DLLHOST.EXE
2017-01-27 16:56:27,\VOLUME{01d2783140af8e9f-14412537}\WINDOWS\SYSWOW64\DLLHOST.EXE
2017-01-27 17:22:05,\VOLUME{01d2783140af8e9f-14412537}\WINDOWS\SYSTEM32\DLLHOST.EXE
2017-01-27 17:21:18,\VOLUME{01d2783140af8e9f-14412537}\WINDOWS\SYSTEM32\DLLHOST.EXE
2017-01-27 17:20:47,\VOLUME{01d2783140af8e9f-14412537}\WINDOWS\SYSTEM32\DLLHOST.EXE
2017-01-27 02:53:34,\VOLUME{01d2783140af8e9f-14412537}\WINDOWS\SYSTEM32\DLLHOST.EXE
2017-01-27 16:54:46,\VOLUME{01d2783140af8e9f-14412537}\WINDOWS\SYSTEM32\DLLHOST.EXE
2017-01-28 21:40:18,\VOLUME{01d2783140af8e9f-14412537}\PROGRAM FILES (X86)\HEWLETT-PACKARD\HP PROTECTTOOLS SECURITY MANAGER\BIN\DPAGENT.EXE
2017-01-27 16:54:16,\VOLUME{01d2783140af8e9f-14412537}\PROGRAM FILES (X86)\HEWLETT-PACKARD\HP PROTECTTOOLS SECURITY MANAGER\BIN\DPAGENT.EXE
2017-01-30 22:48:37,\VOLUME{01d2783140af8e9f-14412537}\PROGRAM FILES\HEWLETT-PACKARD\HP PROTECTTOOLS SECURITY MANAGER\BIN\DPAGENT.EXE
2017-01-30 22:35:01,\VOLUME{01d2783140af8e9f-14412537}\PROGRAM FILES\HEWLETT-PACKARD\HP PROTECTTOOLS SECURITY MANAGER\BIN\DPAGENT.EXE
2017-01-30 18:46:10,\VOLUME{01d2783140af8e9f-14412537}\PROGRAM FILES\HEWLETT-PACKARD\HP PROTECTTOOLS SECURITY MANAGER\BIN\DPAGENT.EXE
2017-01-28 21:40:28,\VOLUME{01d2783140af8e9f-14412537}\PROGRAM FILES\HEWLETT-PACKARD\HP PROTECTTOOLS SECURITY MANAGER\BIN\DPAGENT.EXE
2017-01-27 16:54:31,\VOLUME{01d2783140af8e9f-14412537}\PROGRAM FILES\HEWLETT-PACKARD\HP PROTECTTOOLS SECURITY MANAGER\BIN\DPAGENT.EXE
2017-02-02 21:53:09,\VOLUME{01d2783140af8e9f-14412537}\WINDOWS\SYSTEM32\DRVINST.EXE
2017-01-27 16:54:23,\VOLUME{01d2783140af8e9f-14412537}\WINDOWS\SYSTEM32\DRVINST.EXE
2017-01-27 02:53:14,\VOLUME{01d2783140af8e9f-14412537}\WINDOWS\SYSTEM32\DRVINST.EXE
2017-01-27 02:53:10,\VOLUME{01d2783140af8e9f-14412537}\WINDOWS\SYSTEM32\DRVINST.EXE
2017-01-27 02:36:44,\VOLUME{01d2783140af8e9f-14412537}\WINDOWS\SYSTEM32\DRVINST.EXE
2017-01-27 02:36:44,\VOLUME{01d2783140af8e9f-14412537}\WINDOWS\SYSTEM32\DRVINST.EXE
2017-01-27 02:36:44,\VOLUME{01d2783140af8e9f-14412537}\WINDOWS\SYSTEM32\DRVINST.EXE
2017-01-27 02:36:44,\VOLUME{01d2783140af8e9f-14412537}\WINDOWS\SYSTEM32\DRVINST.EXE
2017-01-28 21:46:30,\VOLUME{01d2783140af8e9f-14412537}\WINDOWS\SYSTEM32\DSMUSERTASK.EXE
2017-01-28 21:46:28,\VOLUME{01d2783140af8e9f-14412537}\WINDOWS\SYSTEM32\DSMUSERTASK.EXE
2017-01-27 17:09:34,\VOLUME{01d2783140af8e9f-14412537}\WINDOWS\SYSTEM32\DSMUSERTASK.EXE
2017-02-02 22:53:20,\VOLUME{01d2783140af8e9f-14412537}\WINDOWS\SYSTEM32\DWM.EXE
2017-02-02 22:38:28,\VOLUME{01d2783140af8e9f-14412537}\WINDOWS\SYSTEM32\DWM.EXE
2017-02-01 19:59:36,\VOLUME{01d2783140af8e9f-14412537}\WINDOWS\SYSTEM32\DWM.EXE
2017-02-01 17:54:16,\VOLUME{01d2783140af8e9f-14412537}\WINDOWS\SYSTEM32\DWM.EXE
2017-01-31 20:01:41,\VOLUME{01d2783140af8e9f-14412537}\WINDOWS\SYSTEM32\DWM.EXE
2017-01-30 23:08:08,\VOLUME{01d2783140af8e9f-14412537}\WINDOWS\SYSTEM32\DWM.EXE
2017-01-30 19:28:18,\VOLUME{01d2783140af8e9f-14412537}\WINDOWS\SYSTEM32\DWM.EXE
2017-01-28 22:44:53,\VOLUME{01d2783140af8e9f-14412537}\WINDOWS\SYSTEM32\DWM.EXE
2017-02-01 16:55:08,\VOLUME{01d2783140af8e9f-14412537}\WINDOWS\EXPLORER.EXE
2017-01-30 22:34:51,\VOLUME{01d2783140af8e9f-14412537}\WINDOWS\EXPLORER.EXE
2017-01-27 16:54:13,\VOLUME{01d2783140af8e9f-14412537}\WINDOWS\EXPLORER.EXE
2017-01-31 18:52:35,\VOLUME{01d2783140af8e9f-14412537}\USERS\SARAH M\APPDATA\LOCAL\MICROSOFT\ONEDRIVE\17.3.6743.1212\FILESYNCCONFIG.EXE
2017-01-27 16:57:46,\VOLUME{01d2783140af8e9f-14412537}\USERS\SARAH M\APPDATA\LOCAL\MICROSOFT\ONEDRIVE\17.3.6381.0405\FILESYNCCONFIG.EXE
2017-01-27 16:54:17,\VOLUME{01d2783140af8e9f-14412537}\WINDOWS\SYSTEM32\OOBE\FIRSTLOGONANIM.EXE
2017-01-31 19:12:47,\VOLUME{01d2783140af8e9f-14412537}\PROGRAM FILES (X86)\MICROSOFT OFFICE\OFFICE15\FIRSTRUN.EXE
2017-01-31 19:01:16,\VOLUME{01d2783140af8e9f-14412537}\WINDOWS\SYSTEM32\FONTDRVHOST.EXE
2017-01-30 18:52:12,\VOLUME{01d2783140af8e9f-14412537}\WINDOWS\SYSTEM32\FONTDRVHOST.EXE
2017-01-27 16:57:10,\VOLUME{01d2783140af8e9f-14412537}\WINDOWS\SYSTEM32\FSQUIRT.EXE
2017-02-02 21:26:54,\VOLUME{01d2783140af8e9f-14412537}\PROGRAM FILES (X86)\GOOGLE\UPDATE\1.3.32.7\GOOGLECRASHHANDLER.EXE
2017-02-02 21:26:54,\VOLUME{01d2783140af8e9f-14412537}\PROGRAM FILES (X86)\GOOGLE\UPDATE\1.3.32.7\GOOGLECRASHHANDLER64.EXE
2017-02-06 19:25:06,\VOLUME{01d2783140af8e9f-14412537}\PROGRAM FILES (X86)\GOOGLE\UPDATE\GOOGLEUPDATE.EXE
2017-02-06 19:17:24,\VOLUME{01d2783140af8e9f-14412537}\PROGRAM FILES (X86)\GOOGLE\UPDATE\GOOGLEUPDATE.EXE
2017-02-02 21:25:06,\VOLUME{01d2783140af8e9f-14412537}\PROGRAM FILES (X86)\GOOGLE\UPDATE\GOOGLEUPDATE.EXE
2017-02-02 21:22:00,\VOLUME{01d2783140af8e9f-14412537}\PROGRAM FILES (X86)\GOOGLE\UPDATE\GOOGLEUPDATE.EXE
2017-02-01 16:55:41,\VOLUME{01d2783140af8e9f-14412537}\PROGRAM FILES (X86)\GOOGLE\UPDATE\GOOGLEUPDATE.EXE
2017-01-31 18:53:36,\VOLUME{01d2783140af8e9f-14412537}\PROGRAM FILES (X86)\GOOGLE\UPDATE\GOOGLEUPDATE.EXE
2017-01-30 22:49:51,\VOLUME{01d2783140af8e9f-14412537}\PROGRAM FILES (X86)\GOOGLE\UPDATE\GOOGLEUPDATE.EXE
2017-01-30 22:49:51,\VOLUME{01d2783140af8e9f-14412537}\PROGRAM FILES (X86)\GOOGLE\UPDATE\GOOGLEUPDATE.EXE
2017-02-02 21:24:48,\VOLUME{01d2783140af8e9f-14412537}\PROGRAM FILES (X86)\HP\HP NOTIFICATIONS\HPNOTIFICATIONS.EXE
2017-02-01 16:55:35,\VOLUME{01d2783140af8e9f-14412537}\PROGRAM FILES (X86)\HP\HP NOTIFICATIONS\HPNOTIFICATIONS.EXE
2017-01-30 22:48:58,\VOLUME{01d2783140af8e9f-14412537}\PROGRAM FILES (X86)\HP\HP NOTIFICATIONS\HPNOTIFICATIONS.EXE
2017-01-30 22:35:24,\VOLUME{01d2783140af8e9f-14412537}\PROGRAM FILES (X86)\HP\HP NOTIFICATIONS\HPNOTIFICATIONS.EXE
2017-02-01 19:07:58,\VOLUME{01d2783140af8e9f-14412537}\PROGRAM FILES (X86)\HP\HP WIRELESS BUTTON DRIVER\HPRADIOMGR64.EXE
2017-02-01 16:55:32,\VOLUME{01d2783140af8e9f-14412537}\PROGRAM FILES (X86)\HP\HP WIRELESS BUTTON DRIVER\HPRADIOMGR64.EXE
2017-01-28 22:40:12,\VOLUME{01d2783140af8e9f-14412537}\PROGRAM FILES (X86)\HEWLETT-PACKARD\HP SUPPORT SOLUTIONS\MODULES\HPSSFUPDATER.EXE
2017-01-27 02:53:40,\VOLUME{01d2783140af8e9f-14412537}\PROGRAM FILES (X86)\HEWLETT-PACKARD\HP SUPPORT SOLUTIONS\MODULES\HPSSFUPDATER.EXE
2017-01-30 22:49:51,HPSUPPORTSOLUTIONSFRAMEWORKSE
2017-01-27 16:56:09,HPSUPPORTSOLUTIONSFRAMEWORKSE
2017-01-27 02:53:31,HPSUPPORTSOLUTIONSFRAMEWORKSE
2017-01-30 22:49:53,\VOLUME{01d2783140af8e9f-14412537}\PROGRAM FILES\INTEL\INTEL(R) RAPID STORAGE TECHNOLOGY\IASTORDATAMGRSVC.EXE
2017-01-27 16:56:12,\VOLUME{01d2783140af8e9f-14412537}\PROGRAM FILES\INTEL\INTEL(R) RAPID STORAGE TECHNOLOGY\IASTORDATAMGRSVC.EXE
2017-01-27 02:53:40,\VOLUME{01d2783140af8e9f-14412537}\PROGRAM FILES\INTEL\INTEL(R) RAPID STORAGE TECHNOLOGY\IASTORDATAMGRSVC.EXE
2017-02-02 21:25:35,\VOLUME{01d2783140af8e9f-14412537}\PROGRAM FILES\INTEL\INTEL(R) RAPID STORAGE TECHNOLOGY\IASTORICON.EXE
2017-02-01 19:08:54,\VOLUME{01d2783140af8e9f-14412537}\PROGRAM FILES\INTEL\INTEL(R) RAPID STORAGE TECHNOLOGY\IASTORICON.EXE
2017-02-01 16:56:26,\VOLUME{01d2783140af8e9f-14412537}\PROGRAM FILES\INTEL\INTEL(R) RAPID STORAGE TECHNOLOGY\IASTORICON.EXE
2017-01-31 18:52:30,\VOLUME{01d2783140af8e9f-14412537}\PROGRAM FILES\INTEL\INTEL(R) RAPID STORAGE TECHNOLOGY\IASTORICON.EXE
2017-01-30 22:49:48,\VOLUME{01d2783140af8e9f-14412537}\PROGRAM FILES\INTEL\INTEL(R) RAPID STORAGE TECHNOLOGY\IASTORICON.EXE
2017-01-30 22:36:13,\VOLUME{01d2783140af8e9f-14412537}\PROGRAM FILES\INTEL\INTEL(R) RAPID STORAGE TECHNOLOGY\IASTORICON.EXE
2017-01-30 18:47:27,\VOLUME{01d2783140af8e9f-14412537}\PROGRAM FILES\INTEL\INTEL(R) RAPID STORAGE TECHNOLOGY\IASTORICON.EXE
2017-01-28 21:41:46,\VOLUME{01d2783140af8e9f-14412537}\PROGRAM FILES\INTEL\INTEL(R) RAPID STORAGE TECHNOLOGY\IASTORICON.EXE
2017-02-02 21:24:34,\VOLUME{01d2783140af8e9f-14412537}\PROGRAM FILES\INTEL\INTEL(R) RAPID STORAGE TECHNOLOGY\IASTORICONLAUNCH.EXE
2017-02-01 19:07:53,\VOLUME{01d2783140af8e9f-14412537}\PROGRAM FILES\INTEL\INTEL(R) RAPID STORAGE TECHNOLOGY\IASTORICONLAUNCH.EXE
2017-02-01 16:55:25,\VOLUME{01d2783140af8e9f-14412537}\PROGRAM FILES\INTEL\INTEL(R) RAPID STORAGE TECHNOLOGY\IASTORICONLAUNCH.EXE
2017-01-31 18:51:29,\VOLUME{01d2783140af8e9f-14412537}\PROGRAM FILES\INTEL\INTEL(R) RAPID STORAGE TECHNOLOGY\IASTORICONLAUNCH.EXE
2017-01-30 22:48:48,\VOLUME{01d2783140af8e9f-14412537}\PROGRAM FILES\INTEL\INTEL(R) RAPID STORAGE TECHNOLOGY\IASTORICONLAUNCH.EXE
2017-01-30 22:35:13,\VOLUME{01d2783140af8e9f-14412537}\PROGRAM FILES\INTEL\INTEL(R) RAPID STORAGE TECHNOLOGY\IASTORICONLAUNCH.EXE
2017-01-30 18:46:26,\VOLUME{01d2783140af8e9f-14412537}\PROGRAM FILES\INTEL\INTEL(R) RAPID STORAGE TECHNOLOGY\IASTORICONLAUNCH.EXE
2017-01-28 21:40:46,\VOLUME{01d2783140af8e9f-14412537}\PROGRAM FILES\INTEL\INTEL(R) RAPID STORAGE TECHNOLOGY\IASTORICONLAUNCH.EXE
2017-01-27 16:54:42,\VOLUME{01d2783140af8e9f-14412537}\WINDOWS\SYSTEM32\IE4UINIT.EXE
2017-01-27 16:54:40,\VOLUME{01d2783140af8e9f-14412537}\WINDOWS\SYSTEM32\IE4UINIT.EXE
2017-01-27 02:55:57,\VOLUME{01d2783140af8e9f-14412537}\WINDOWS\SYSTEM32\IE4UINIT.EXE
2017-01-27 02:55:54,\VOLUME{01d2783140af8e9f-14412537}\WINDOWS\SYSTEM32\IE4UINIT.EXE
2017-01-27 02:47:57,\VOLUME{01d2783140af8e9f-14412537}\WINDOWS\SYSTEM32\IE4UINIT.EXE
2017-01-31 19:01:09,\VOLUME{01d2783140af8e9f-14412537}\PROGRAM FILES (X86)\INTERNET EXPLORER\IELOWUTIL.EXE
2017-01-30 18:51:34,\VOLUME{01d2783140af8e9f-14412537}\PROGRAM FILES (X86)\INTERNET EXPLORER\IELOWUTIL.EXE
2017-02-02 21:24:15,\VOLUME{01d2783140af8e9f-14412537}\WINDOWS\SYSTEM32\IGFXEM.EXE
2017-01-27 16:54:16,\VOLUME{01d2783140af8e9f-14412537}\WINDOWS\SYSTEM32\IGFXEM.EXE
2017-01-28 21:40:14,\VOLUME{01d2783140af8e9f-14412537}\WINDOWS\SYSTEM32\IGFXHK.EXE
2017-01-27 16:54:17,\VOLUME{01d2783140af8e9f-14412537}\WINDOWS\SYSTEM32\IGFXHK.EXE
2017-02-02 21:24:15,\VOLUME{01d2783140af8e9f-14412537}\WINDOWS\SYSTEM32\IGFXTRAY.EXE
2017-01-27 02:43:27,\VOLUME{01d2783140af8e9f-14412537}\WINDOWS\SYSTEM32\INETSRV\IISSETUP.EXE
2017-01-27 02:43:24,\VOLUME{01d2783140af8e9f-14412537}\WINDOWS\SYSTEM32\INETSRV\IISSETUP.EXE
2017-01-27 02:43:24,\VOLUME{01d2783140af8e9f-14412537}\WINDOWS\SYSTEM32\INETSRV\IISSETUP.EXE
2017-01-27 02:43:23,\VOLUME{01d2783140af8e9f-14412537}\WINDOWS\SYSTEM32\INETSRV\IISSETUP.EXE
2017-01-27 02:43:23,\VOLUME{01d2783140af8e9f-14412537}\WINDOWS\SYSTEM32\INETSRV\IISSETUP.EXE
2017-01-27 02:43:23,\VOLUME{01d2783140af8e9f-14412537}\WINDOWS\SYSTEM32\INETSRV\IISSETUP.EXE
2017-01-27 02:43:23,\VOLUME{01d2783140af8e9f-14412537}\WINDOWS\SYSTEM32\INETSRV\IISSETUP.EXE
2017-01-27 02:43:22,\VOLUME{01d2783140af8e9f-14412537}\WINDOWS\SYSTEM32\INETSRV\IISSETUP.EXE
2017-02-02 21:25:02,\VOLUME{01d2783140af8e9f-14412537}\WINDOWS\SYSTEM32\INSTALLAGENT.EXE
2017-02-01 17:21:12,\VOLUME{01d2783140af8e9f-14412537}\WINDOWS\SYSTEM32\INSTALLAGENT.EXE
2017-02-01 16:57:47,\VOLUME{01d2783140af8e9f-14412537}\WINDOWS\SYSTEM32\INSTALLAGENT.EXE
2017-01-31 19:21:59,\VOLUME{01d2783140af8e9f-14412537}\WINDOWS\SYSTEM32\INSTALLAGENT.EXE
2017-01-31 18:56:13,\VOLUME{01d2783140af8e9f-14412537}\WINDOWS\SYSTEM32\INSTALLAGENT.EXE
2017-01-31 18:52:24,\VOLUME{01d2783140af8e9f-14412537}\WINDOWS\SYSTEM32\INSTALLAGENT.EXE
2017-01-30 22:55:48,\VOLUME{01d2783140af8e9f-14412537}\WINDOWS\SYSTEM32\INSTALLAGENT.EXE
2017-01-30 22:35:11,\VOLUME{01d2783140af8e9f-14412537}\WINDOWS\SYSTEM32\INSTALLAGENT.EXE
2017-02-02 21:25:03,\VOLUME{01d2783140af8e9f-14412537}\WINDOWS\SYSTEM32\INSTALLAGENTUSERBROKER.EXE
2017-02-01 16:57:48,\VOLUME{01d2783140af8e9f-14412537}\WINDOWS\SYSTEM32\INSTALLAGENTUSERBROKER.EXE
2017-01-31 18:53:18,\VOLUME{01d2783140af8e9f-14412537}\WINDOWS\SYSTEM32\INSTALLAGENTUSERBROKER.EXE
2017-01-30 18:48:43,\VOLUME{01d2783140af8e9f-14412537}\WINDOWS\SYSTEM32\INSTALLAGENTUSERBROKER.EXE
2017-01-28 21:46:09,\VOLUME{01d2783140af8e9f-14412537}\WINDOWS\SYSTEM32\INSTALLAGENTUSERBROKER.EXE
2017-01-28 21:42:21,\VOLUME{01d2783140af8e9f-14412537}\WINDOWS\SYSTEM32\INSTALLAGENTUSERBROKER.EXE
2017-01-27 17:28:29,\VOLUME{01d2783140af8e9f-14412537}\WINDOWS\SYSTEM32\INSTALLAGENTUSERBROKER.EXE
2017-02-02 21:29:18,INTELSOFTWAREASSETMANAGERSERV
2017-02-01 19:12:37,INTELSOFTWAREASSETMANAGERSERV
2017-02-01 17:00:31,INTELSOFTWAREASSETMANAGERSERV
2017-01-31 18:56:14,INTELSOFTWAREASSETMANAGERSERV
2017-01-30 22:53:12,INTELSOFTWAREASSETMANAGERSERV
2017-01-30 22:39:51,INTELSOFTWAREASSETMANAGERSERV
2017-01-30 18:51:11,INTELSOFTWAREASSETMANAGERSERV
2017-01-28 21:45:16,INTELSOFTWAREASSETMANAGERSERV
2017-01-31 18:59:24,\VOLUME{01d2783140af8e9f-14412537}\PROGRAM FILES (X86)\INTEL\INTEL(R) SECURITY ASSIST\ISA.EXE
2017-01-27 17:22:53,\VOLUME{01d2783140af8e9f-14412537}\PROGRAM FILES (X86)\INTEL\INTEL(R) SECURITY ASSIST\ISA.EXE
2017-02-06 19:15:53,\VOLUME{01d2783140af8e9f-14412537}\PROGRAM FILES\INTEL\WIFI\BIN\IWRAP.EXE
2017-02-01 19:07:05,\VOLUME{01d2783140af8e9f-14412537}\PROGRAM FILES\INTEL\WIFI\BIN\IWRAP.EXE
2017-02-01 16:54:47,\VOLUME{01d2783140af8e9f-14412537}\PROGRAM FILES\INTEL\WIFI\BIN\IWRAP.EXE
2017-01-31 18:50:18,\VOLUME{01d2783140af8e9f-14412537}\PROGRAM FILES\INTEL\WIFI\BIN\IWRAP.EXE
2017-01-30 22:42:56,\VOLUME{01d2783140af8e9f-14412537}\PROGRAM FILES\INTEL\WIFI\BIN\IWRAP.EXE
2017-01-30 22:39:41,\VOLUME{01d2783140af8e9f-14412537}\PROGRAM FILES\INTEL\WIFI\BIN\IWRAP.EXE
2017-01-30 22:37:48,\VOLUME{01d2783140af8e9f-14412537}\PROGRAM FILES\INTEL\WIFI\BIN\IWRAP.EXE
2017-01-30 22:33:25,\VOLUME{01d2783140af8e9f-14412537}\PROGRAM FILES\INTEL\WIFI\BIN\IWRAP.EXE
2017-01-30 22:49:54,\VOLUME{01d2783140af8e9f-14412537}\PROGRAM FILES (X86)\INTEL\INTEL(R) MANAGEMENT ENGINE COMPONENTS\DAL\JHI_SERVICE.EXE
2017-01-27 16:56:12,\VOLUME{01d2783140af8e9f-14412537}\PROGRAM FILES (X86)\INTEL\INTEL(R) MANAGEMENT ENGINE COMPONENTS\DAL\JHI_SERVICE.EXE
2017-01-27 02:53:46,\VOLUME{01d2783140af8e9f-14412537}\PROGRAM FILES (X86)\INTEL\INTEL(R) MANAGEMENT ENGINE COMPONENTS\DAL\JHI_SERVICE.EXE
2017-02-02 21:24:43,\VOLUME{01d2783140af8e9f-14412537}\PROGRAM FILES (X86)\HP\HP TOUCHPOINT MANAGER\DISCOVER HP TOUCHPOINT MANAGER\LHBEACON.EXE
2017-01-30 22:35:22,\VOLUME{01d2783140af8e9f-14412537}\PROGRAM FILES (X86)\HP\HP TOUCHPOINT MANAGER\DISCOVER HP TOUCHPOINT MANAGER\LHBEACON.EXE
2017-01-27 02:43:32,\VOLUME{01d2783140af8e9f-14412537}\WINDOWS\WINSXS\AMD64_NETFX35LINQ-LINQWEBCONFIG_31BF3856AD364E35_10.0.14393.0_NONE_84812123FEBB08C0\LINQWEBCONFIG.EXE
2017-01-27 02:43:31,\VOLUME{01d2783140af8e9f-14412537}\WINDOWS\WINSXS\X86_NETFX35LINQ-LINQWEBCONFIG_31BF3856AD364E35_10.0.14393.0_NONE_286285A0465D978A\LINQWEBCONFIG.EXE
2017-01-30 22:49:57,\VOLUME{01d2783140af8e9f-14412537}\PROGRAM FILES (X86)\INTEL\INTEL(R) MANAGEMENT ENGINE COMPONENTS\LMS\LMS.EXE
2017-01-27 16:56:19,\VOLUME{01d2783140af8e9f-14412537}\PROGRAM FILES (X86)\INTEL\INTEL(R) MANAGEMENT ENGINE COMPONENTS\LMS\LMS.EXE
2017-01-27 02:54:01,\VOLUME{01d2783140af8e9f-14412537}\PROGRAM FILES (X86)\INTEL\INTEL(R) MANAGEMENT ENGINE COMPONENTS\LMS\LMS.EXE
2017-01-27 02:43:24,\VOLUME{01d2783140af8e9f-14412537}\WINDOWS\SYSWOW64\LODCTR.EXE
2017-01-27 02:43:27,\VOLUME{01d2783140af8e9f-14412537}\WINDOWS\SYSTEM32\LODCTR.EXE
2017-02-02 22:53:20,\VOLUME{01d2783140af8e9f-14412537}\WINDOWS\SYSTEM32\LOGONUI.EXE
2017-02-02 22:53:20,\VOLUME{01d2783140af8e9f-14412537}\WINDOWS\SYSTEM32\LOGONUI.EXE
2017-02-01 19:59:36,\VOLUME{01d2783140af8e9f-14412537}\WINDOWS\SYSTEM32\LOGONUI.EXE
2017-02-01 19:59:36,\VOLUME{01d2783140af8e9f-14412537}\WINDOWS\SYSTEM32\LOGONUI.EXE
2017-02-01 17:54:16,\VOLUME{01d2783140af8e9f-14412537}\WINDOWS\SYSTEM32\LOGONUI.EXE
2017-02-01 17:54:16,\VOLUME{01d2783140af8e9f-14412537}\WINDOWS\SYSTEM32\LOGONUI.EXE
2017-01-31 20:01:41,\VOLUME{01d2783140af8e9f-14412537}\WINDOWS\SYSTEM32\LOGONUI.EXE
2017-01-31 20:01:41,\VOLUME{01d2783140af8e9f-14412537}\WINDOWS\SYSTEM32\LOGONUI.EXE
2017-01-27 02:58:12,\VOLUME{01d2783140af8e9f-14412537}\WINDOWS\SYSTEM32\MCBUILDER.EXE
2017-01-27 02:56:17,\VOLUME{01d2783140af8e9f-14412537}\WINDOWS\SYSTEM32\MCBUILDER.EXE
2017-02-02 22:05:31,\VOLUME{01d2783140af8e9f-14412537}\PROGRAM FILES\WINDOWSAPPS\MICROSOFT.WINDOWS.PHOTOS_16.1118.10000.0_X64__8WEKYB3D8BBWE\MICROSOFT.PHOTOS.EXE
2017-02-02 22:00:41,\VOLUME{01d2783140af8e9f-14412537}\PROGRAM FILES\WINDOWSAPPS\MICROSOFT.WINDOWS.PHOTOS_16.1118.10000.0_X64__8WEKYB3D8BBWE\MICROSOFT.PHOTOS.EXE
2017-02-01 17:31:09,\VOLUME{01d2783140af8e9f-14412537}\PROGRAM FILES\WINDOWSAPPS\MICROSOFT.WINDOWS.PHOTOS_16.1118.10000.0_X64__8WEKYB3D8BBWE\MICROSOFT.PHOTOS.EXE
2017-01-31 19:36:44,\VOLUME{01d2783140af8e9f-14412537}\PROGRAM FILES\WINDOWSAPPS\MICROSOFT.WINDOWS.PHOTOS_16.1118.10000.0_X64__8WEKYB3D8BBWE\MICROSOFT.PHOTOS.EXE
2017-01-31 19:36:24,\VOLUME{01d2783140af8e9f-14412537}\PROGRAM FILES\WINDOWSAPPS\MICROSOFT.WINDOWS.PHOTOS_16.1118.10000.0_X64__8WEKYB3D8BBWE\MICROSOFT.PHOTOS.EXE
2017-01-30 22:56:34,\VOLUME{01d2783140af8e9f-14412537}\PROGRAM FILES\WINDOWSAPPS\MICROSOFT.WINDOWS.PHOTOS_16.1118.10000.0_X64__8WEKYB3D8BBWE\MICROSOFT.PHOTOS.EXE
2017-01-28 22:09:25,\VOLUME{01d2783140af8e9f-14412537}\PROGRAM FILES\WINDOWSAPPS\MICROSOFT.WINDOWS.PHOTOS_16.1118.10000.0_X64__8WEKYB3D8BBWE\MICROSOFT.PHOTOS.EXE
2017-01-27 17:30:54,\VOLUME{01d2783140af8e9f-14412537}\PROGRAM FILES\WINDOWSAPPS\MICROSOFT.WINDOWS.PHOTOS_16.1118.10000.0_X64__8WEKYB3D8BBWE\MICROSOFT.PHOTOS.EXE
2017-01-27 17:23:32,\VOLUME{01d2783140af8e9f-14412537}\PROGRAM FILES\WINDOWSAPPS\MICROSOFT.WINDOWS.PHOTOS_16.511.8780.0_X64__8WEKYB3D8BBWE\MICROSOFT.PHOTOS.EXE
2017-01-27 17:23:28,\VOLUME{01d2783140af8e9f-14412537}\PROGRAM FILES\WINDOWSAPPS\MICROSOFT.WINDOWS.PHOTOS_16.511.8780.0_X64__8WEKYB3D8BBWE\MICROSOFT.PHOTOS.EXE
2017-01-27 17:23:25,\VOLUME{01d2783140af8e9f-14412537}\PROGRAM FILES\WINDOWSAPPS\MICROSOFT.WINDOWS.PHOTOS_16.511.8780.0_X64__8WEKYB3D8BBWE\MICROSOFT.PHOTOS.EXE
2017-01-27 17:23:02,\VOLUME{01d2783140af8e9f-14412537}\PROGRAM FILES\WINDOWSAPPS\MICROSOFT.WINDOWS.PHOTOS_16.511.8780.0_X64__8WEKYB3D8BBWE\MICROSOFT.PHOTOS.EXE
2017-02-02 22:39:08,\VOLUME{01d2783140af8e9f-14412537}\WINDOWS\SYSTEMAPPS\MICROSOFT.MICROSOFTEDGE_8WEKYB3D8BBWE\MICROSOFTEDGE.EXE
2017-02-02 22:38:38,\VOLUME{01d2783140af8e9f-14412537}\WINDOWS\SYSTEMAPPS\MICROSOFT.MICROSOFTEDGE_8WEKYB3D8BBWE\MICROSOFTEDGE.EXE
2017-02-02 22:38:34,\VOLUME{01d2783140af8e9f-14412537}\WINDOWS\SYSTEMAPPS\MICROSOFT.MICROSOFTEDGE_8WEKYB3D8BBWE\MICROSOFTEDGE.EXE
2017-02-01 17:21:10,\VOLUME{01d2783140af8e9f-14412537}\WINDOWS\SYSTEMAPPS\MICROSOFT.MICROSOFTEDGE_8WEKYB3D8BBWE\MICROSOFTEDGE.EXE
2017-01-30 22:45:48,\VOLUME{01d2783140af8e9f-14412537}\WINDOWS\SYSTEMAPPS\MICROSOFT.MICROSOFTEDGE_8WEKYB3D8BBWE\MICROSOFTEDGE.EXE
2017-01-27 17:22:22,\VOLUME{01d2783140af8e9f-14412537}\WINDOWS\SYSTEMAPPS\MICROSOFT.MICROSOFTEDGE_8WEKYB3D8BBWE\MICROSOFTEDGE.EXE
2017-02-02 22:39:38,\VOLUME{01d2783140af8e9f-14412537}\WINDOWS\SYSTEMAPPS\MICROSOFT.MICROSOFTEDGE_8WEKYB3D8BBWE\MICROSOFTEDGECP.EXE
2017-02-02 22:39:08,\VOLUME{01d2783140af8e9f-14412537}\WINDOWS\SYSTEMAPPS\MICROSOFT.MICROSOFTEDGE_8WEKYB3D8BBWE\MICROSOFTEDGECP.EXE
2017-02-02 22:38:39,\VOLUME{01d2783140af8e9f-14412537}\WINDOWS\SYSTEMAPPS\MICROSOFT.MICROSOFTEDGE_8WEKYB3D8BBWE\MICROSOFTEDGECP.EXE
2017-02-02 22:38:35,\VOLUME{01d2783140af8e9f-14412537}\WINDOWS\SYSTEMAPPS\MICROSOFT.MICROSOFTEDGE_8WEKYB3D8BBWE\MICROSOFTEDGECP.EXE
2017-02-01 17:21:11,\VOLUME{01d2783140af8e9f-14412537}\WINDOWS\SYSTEMAPPS\MICROSOFT.MICROSOFTEDGE_8WEKYB3D8BBWE\MICROSOFTEDGECP.EXE
2017-02-01 17:21:12,\VOLUME{01d2783140af8e9f-14412537}\WINDOWS\SYSTEMAPPS\MICROSOFT.MICROSOFTEDGE_8WEKYB3D8BBWE\MICROSOFTEDGECP.EXE
2017-01-30 22:45:49,\VOLUME{01d2783140af8e9f-14412537}\WINDOWS\SYSTEMAPPS\MICROSOFT.MICROSOFTEDGE_8WEKYB3D8BBWE\MICROSOFTEDGECP.EXE
2017-01-27 17:22:23,\VOLUME{01d2783140af8e9f-14412537}\WINDOWS\SYSTEMAPPS\MICROSOFT.MICROSOFTEDGE_8WEKYB3D8BBWE\MICROSOFTEDGECP.EXE
2017-01-27 02:56:10,\VOLUME{01d2783140af8e9f-14412537}\$WINDOWS.~BT\SOURCES\MIGHOST.EXE
2017-01-27 02:52:27,\VOLUME{01d2783140af8e9f-14412537}\$WINDOWS.~BT\SOURCES\MIGHOST.EXE
2017-01-27 02:52:25,\VOLUME{01d2783140af8e9f-14412537}\$WINDOWS.~BT\SOURCES\MIGHOST.EXE
2017-01-27 02:49:46,\VOLUME{01d2783140af8e9f-14412537}\$WINDOWS.~BT\SOURCES\MIGHOST.EXE
2017-01-27 02:45:33,\VOLUME{01d2783140af8e9f-14412537}\$WINDOWS.~BT\SOURCES\MIGHOST.EXE
2017-01-27 02:45:04,\VOLUME{01d2783140af8e9f-14412537}\$WINDOWS.~BT\SOURCES\MIGHOST.EXE
2017-01-27 02:44:24,\VOLUME{01d2783140af8e9f-14412537}\$WINDOWS.~BT\SOURCES\MIGHOST.EXE
2017-01-27 02:44:24,\VOLUME{01d2783140af8e9f-14412537}\$WINDOWS.~BT\SOURCES\MIGHOST.EXE
2017-02-02 21:24:24,\VOLUME{01d2783140af8e9f-14412537}\WINDOWS\SYSTEM32\MOBSYNC.EXE
2017-02-01 19:07:45,\VOLUME{01d2783140af8e9f-14412537}\WINDOWS\SYSTEM32\MOBSYNC.EXE
2017-02-01 16:55:17,\VOLUME{01d2783140af8e9f-14412537}\WINDOWS\SYSTEM32\MOBSYNC.EXE
2017-01-31 18:51:21,\VOLUME{01d2783140af8e9f-14412537}\WINDOWS\SYSTEM32\MOBSYNC.EXE
2017-01-30 22:48:39,\VOLUME{01d2783140af8e9f-14412537}\WINDOWS\SYSTEM32\MOBSYNC.EXE
2017-01-30 22:35:05,\VOLUME{01d2783140af8e9f-14412537}\WINDOWS\SYSTEM32\MOBSYNC.EXE
2017-01-30 18:46:17,\VOLUME{01d2783140af8e9f-14412537}\WINDOWS\SYSTEM32\MOBSYNC.EXE
2017-01-28 21:40:37,\VOLUME{01d2783140af8e9f-14412537}\WINDOWS\SYSTEM32\MOBSYNC.EXE
2017-02-07 14:03:02,\VOLUME{01d2783140af8e9f-14412537}\PROGRAM FILES\WINDOWS DEFENDER\MPCMDRUN.EXE
2017-02-02 21:26:34,\VOLUME{01d2783140af8e9f-14412537}\WINDOWS\SYSTEM32\MPSIGSTUB.EXE
2017-02-01 16:58:53,\VOLUME{01d2783140af8e9f-14412537}\WINDOWS\SYSTEM32\MPSIGSTUB.EXE
2017-01-31 19:00:23,\VOLUME{01d2783140af8e9f-14412537}\WINDOWS\SYSTEM32\MPSIGSTUB.EXE
2017-01-30 18:47:25,\VOLUME{01d2783140af8e9f-14412537}\WINDOWS\SYSTEM32\MPSIGSTUB.EXE
2017-01-27 17:13:15,\VOLUME{01d2783140af8e9f-14412537}\WINDOWS\SYSTEM32\MPSIGSTUB.EXE
2017-02-02 21:24:35,\VOLUME{01d2783140af8e9f-14412537}\PROGRAM FILES\WINDOWS DEFENDER\MSASCUIL.EXE
2017-02-01 16:55:26,\VOLUME{01d2783140af8e9f-14412537}\PROGRAM FILES\WINDOWS DEFENDER\MSASCUIL.EXE
2017-01-31 18:51:30,\VOLUME{01d2783140af8e9f-14412537}\PROGRAM FILES\WINDOWS DEFENDER\MSASCUIL.EXE
2017-01-30 22:48:49,\VOLUME{01d2783140af8e9f-14412537}\PROGRAM FILES\WINDOWS DEFENDER\MSASCUIL.EXE
2017-01-30 22:35:16,\VOLUME{01d2783140af8e9f-14412537}\PROGRAM FILES\WINDOWS DEFENDER\MSASCUIL.EXE
2017-01-30 18:46:28,\VOLUME{01d2783140af8e9f-14412537}\PROGRAM FILES\WINDOWS DEFENDER\MSASCUIL.EXE
2017-01-28 21:40:47,\VOLUME{01d2783140af8e9f-14412537}\PROGRAM FILES\WINDOWS DEFENDER\MSASCUIL.EXE
2017-01-27 16:57:22,\VOLUME{01d2783140af8e9f-14412537}\PROGRAM FILES\WINDOWS DEFENDER\MSASCUIL.EXE
2017-01-30 18:46:53,\VOLUME{01d2783140af8e9f-14412537}\WINDOWS\MICROSOFT.NET\FRAMEWORK64\V4.0.30319\MSCORSVW.EXE
2017-01-30 18:46:53,\VOLUME{01d2783140af8e9f-14412537}\WINDOWS\MICROSOFT.NET\FRAMEWORK64\V4.0.30319\MSCORSVW.EXE
2017-01-30 18:46:52,\VOLUME{01d2783140af8e9f-14412537}\WINDOWS\MICROSOFT.NET\FRAMEWORK64\V4.0.30319\MSCORSVW.EXE
2017-01-30 18:46:52,\VOLUME{01d2783140af8e9f-14412537}\WINDOWS\MICROSOFT.NET\FRAMEWORK64\V4.0.30319\MSCORSVW.EXE
2017-01-30 18:46:52,\VOLUME{01d2783140af8e9f-14412537}\WINDOWS\MICROSOFT.NET\FRAMEWORK64\V4.0.30319\MSCORSVW.EXE
2017-01-30 18:46:52,\VOLUME{01d2783140af8e9f-14412537}\WINDOWS\MICROSOFT.NET\FRAMEWORK64\V4.0.30319\MSCORSVW.EXE
2017-01-30 18:46:51,\VOLUME{01d2783140af8e9f-14412537}\WINDOWS\MICROSOFT.NET\FRAMEWORK64\V4.0.30319\MSCORSVW.EXE
2017-01-30 18:46:51,\VOLUME{01d2783140af8e9f-14412537}\WINDOWS\MICROSOFT.NET\FRAMEWORK64\V4.0.30319\MSCORSVW.EXE
2017-01-30 18:48:08,\VOLUME{01d2783140af8e9f-14412537}\WINDOWS\MICROSOFT.NET\FRAMEWORK\V4.0.30319\MSCORSVW.EXE
2017-01-30 18:48:08,\VOLUME{01d2783140af8e9f-14412537}\WINDOWS\MICROSOFT.NET\FRAMEWORK\V4.0.30319\MSCORSVW.EXE
2017-01-30 18:48:05,\VOLUME{01d2783140af8e9f-14412537}\WINDOWS\MICROSOFT.NET\FRAMEWORK\V4.0.30319\MSCORSVW.EXE
2017-01-30 18:48:05,\VOLUME{01d2783140af8e9f-14412537}\WINDOWS\MICROSOFT.NET\FRAMEWORK\V4.0.30319\MSCORSVW.EXE
2017-01-30 18:48:05,\VOLUME{01d2783140af8e9f-14412537}\WINDOWS\MICROSOFT.NET\FRAMEWORK\V4.0.30319\MSCORSVW.EXE
2017-01-30 18:48:05,\VOLUME{01d2783140af8e9f-14412537}\WINDOWS\MICROSOFT.NET\FRAMEWORK\V4.0.30319\MSCORSVW.EXE
2017-01-30 18:48:05,\VOLUME{01d2783140af8e9f-14412537}\WINDOWS\MICROSOFT.NET\FRAMEWORK\V4.0.30319\MSCORSVW.EXE
2017-01-30 18:48:05,\VOLUME{01d2783140af8e9f-14412537}\WINDOWS\MICROSOFT.NET\FRAMEWORK\V4.0.30319\MSCORSVW.EXE
2017-01-27 02:52:21,\VOLUME{01d2783140af8e9f-14412537}\WINDOWS\SYSTEM32\MSDTC.EXE
2017-01-30 18:47:34,\VOLUME{01d2783140af8e9f-14412537}\WINDOWS\SYSTEM32\MSIEXEC.EXE
2017-01-30 18:47:46,\VOLUME{01d2783140af8e9f-14412537}\WINDOWS\SYSWOW64\MSIEXEC.EXE
2017-01-30 18:47:41,\VOLUME{01d2783140af8e9f-14412537}\WINDOWS\SYSWOW64\MSIEXEC.EXE
2017-01-27 02:57:15,\VOLUME{01d2783140af8e9f-14412537}\PROGRAM FILES\WINDOWS DEFENDER\MSMPENG.EXE
2017-01-27 02:58:08,\VOLUME{01d2783140af8e9f-14412537}\WINDOWS\SYSTEM32\OOBE\MSOOBE.EXE
2017-01-27 17:21:49,\VOLUME{01d2783140af8e9f-14412537}\WINDOWS\SYSTEM32\MSPAINT.EXE
2017-01-27 02:37:51,\VOLUME{01d2783140af8e9f-14412537}\WINDOWS\SYSTEM32\NETCFGNOTIFYOBJECTHOST.EXE
2017-01-27 02:43:34,\VOLUME{01d2783140af8e9f-14412537}\WINDOWS\MICROSOFT.NET\FRAMEWORK\V4.0.30319\NGEN.EXE
2017-01-27 02:43:34,\VOLUME{01d2783140af8e9f-14412537}\WINDOWS\MICROSOFT.NET\FRAMEWORK64\V4.0.30319\NGEN.EXE
2017-01-27 02:48:00,\VOLUME{01d2783140af8e9f-14412537}\WINDOWS\MICROSOFT.NET\FRAMEWORK\V2.0.50727\NGEN.EXE
2017-01-27 02:47:59,\VOLUME{01d2783140af8e9f-14412537}\WINDOWS\MICROSOFT.NET\FRAMEWORK\V2.0.50727\NGEN.EXE
2017-01-27 02:48:00,\VOLUME{01d2783140af8e9f-14412537}\WINDOWS\MICROSOFT.NET\FRAMEWORK64\V2.0.50727\NGEN.EXE
2017-01-27 02:48:00,\VOLUME{01d2783140af8e9f-14412537}\WINDOWS\MICROSOFT.NET\FRAMEWORK64\V2.0.50727\NGEN.EXE
2017-01-28 22:44:57,\VOLUME{01d2783140af8e9f-14412537}\WINDOWS\MICROSOFT.NET\FRAMEWORK\V4.0.30319\NGENTASK.EXE
2017-01-27 02:57:39,\VOLUME{01d2783140af8e9f-14412537}\PROGRAM FILES\WINDOWS DEFENDER\NISSRV.EXE
2017-01-27 02:57:20,\VOLUME{01d2783140af8e9f-14412537}\PROGRAM FILES\WINDOWS DEFENDER\NISSRV.EXE
2017-02-02 21:24:36,\VOLUME{01d2783140af8e9f-14412537}\USERS\SARAH M\APPDATA\LOCAL\MICROSOFT\ONEDRIVE\ONEDRIVE.EXE
2017-02-01 19:07:55,\VOLUME{01d2783140af8e9f-14412537}\USERS\SARAH M\APPDATA\LOCAL\MICROSOFT\ONEDRIVE\ONEDRIVE.EXE
2017-01-31 18:52:35,\VOLUME{01d2783140af8e9f-14412537}\USERS\SARAH M\APPDATA\LOCAL\MICROSOFT\ONEDRIVE\ONEDRIVE.EXE
2017-01-31 18:51:32,\VOLUME{01d2783140af8e9f-14412537}\USERS\SARAH M\APPDATA\LOCAL\MICROSOFT\ONEDRIVE\ONEDRIVE.EXE
2017-01-30 22:48:49,\VOLUME{01d2783140af8e9f-14412537}\USERS\SARAH M\APPDATA\LOCAL\MICROSOFT\ONEDRIVE\ONEDRIVE.EXE
2017-01-30 22:35:16,\VOLUME{01d2783140af8e9f-14412537}\USERS\SARAH M\APPDATA\LOCAL\MICROSOFT\ONEDRIVE\ONEDRIVE.EXE
2017-01-30 18:46:29,\VOLUME{01d2783140af8e9f-14412537}\USERS\SARAH M\APPDATA\LOCAL\MICROSOFT\ONEDRIVE\ONEDRIVE.EXE
2017-01-28 21:40:48,\VOLUME{01d2783140af8e9f-14412537}\USERS\SARAH M\APPDATA\LOCAL\MICROSOFT\ONEDRIVE\ONEDRIVE.EXE
2017-01-31 18:51:51,ONEDRIVESETUP.EXE
2017-01-31 18:51:49,ONEDRIVESETUP.EXE
2017-01-27 16:57:24,\VOLUME{01d2783140af8e9f-14412537}\WINDOWS\SYSWOW64\ONEDRIVESETUP.EXE
2017-01-27 16:57:23,\VOLUME{01d2783140af8e9f-14412537}\WINDOWS\SYSWOW64\ONEDRIVESETUP.EXE
2017-01-27 02:58:08,\VOLUME{01d2783140af8e9f-14412537}\WINDOWS\SYSTEM32\OOBE\OOBELDR.EXE
2017-02-02 21:24:21,Op-SEARCHUI.EXE-2E2CF5B6
2017-01-31 18:51:17,Op-SEARCHUI.EXE-2E2CF5B6
2017-01-27 16:55:58,Op-SEARCHUI.EXE-2E2CF5B6
2017-01-31 19:10:23,\VOLUME{01d2783140af8e9f-14412537}\WINDOWS\SYSTEM32\OPENWITH.EXE
2017-01-31 19:10:23,\VOLUME{01d2783140af8e9f-14412537}\WINDOWS\SYSTEM32\OPENWITH.EXE
2017-01-30 22:45:44,\VOLUME{01d2783140af8e9f-14412537}\WINDOWS\SYSTEM32\OPENWITH.EXE
2017-01-28 21:41:15,\VOLUME{01d2783140af8e9f-14412537}\WINDOWS\SYSTEM32\OPENWITH.EXE
2017-01-30 22:34:47,\VOLUME{01d2783140af8e9f-14412537}\WINDOWS\SYSTEM32\PCAUI.EXE
2017-01-30 18:46:08,\VOLUME{01d2783140af8e9f-14412537}\WINDOWS\SYSTEM32\PCAUI.EXE
2017-01-28 21:40:07,\VOLUME{01d2783140af8e9f-14412537}\WINDOWS\SYSTEM32\PCAUI.EXE
2017-01-27 16:54:05,\VOLUME{01d2783140af8e9f-14412537}\WINDOWS\SYSTEM32\PCAUI.EXE
2017-01-28 22:37:04,\VOLUME{01d2783140af8e9f-14412537}\WINDOWS\SYSTEM32\PICKERHOST.EXE
2017-02-01 16:55:33,\VOLUME{01d2783140af8e9f-14412537}\PROGRAM FILES (X86)\INTEL\INTEL(R) MANAGEMENT ENGINE COMPONENTS\IMSS\PICONSTARTUP.EXE
2017-01-28 21:40:54,\VOLUME{01d2783140af8e9f-14412537}\PROGRAM FILES (X86)\INTEL\INTEL(R) MANAGEMENT ENGINE COMPONENTS\IMSS\PICONSTARTUP.EXE
2017-02-01 17:05:55,\VOLUME{01d2783140af8e9f-14412537}\USERS\SARAH M\DOWNLOADS\PIDGIN-2.11.0 (1).EXE
2017-02-01 16:59:37,\VOLUME{01d2783140af8e9f-14412537}\USERS\SARAH M\DOWNLOADS\PIDGIN-2.11.0.EXE
2017-02-02 21:25:05,\VOLUME{01d2783140af8e9f-14412537}\USERS\SARAH M\APPDATA\ROAMING\MICROSOFT\WINDOWS\PIDGIN\PIDGIN.EXE
2017-02-01 19:14:53,\VOLUME{01d2783140af8e9f-14412537}\USERS\SARAH M\APPDATA\ROAMING\MICROSOFT\WINDOWS\PIDGIN\PIDGIN.EXE
2017-02-01 19:14:59,\VOLUME{01d2783140af8e9f-14412537}\USERS\SARAH M\APPDATA\ROAMING\MICROSOFT\WINDOWS\PIDGIN\PIDGIN.EXE
2017-02-01 17:14:20,\VOLUME{01d2783140af8e9f-14412537}\USERS\SARAH M\APPDATA\ROAMING\MICROSOFT\WINDOWS\PIDGIN\PIDGIN.EXE
2017-02-01 17:13:56,\VOLUME{01d2783140af8e9f-14412537}\USERS\SARAH M\APPDATA\ROAMING\MICROSOFT\WINDOWS\PIDGIN\PIDGIN.EXE
2017-02-01 17:07:37,\VOLUME{01d2783140af8e9f-14412537}\USERS\SARAH M\APPDATA\ROAMING\MICROSOFT\WINDOWS\PIDGIN\PIDGIN.EXE
2017-02-01 17:01:14,\VOLUME{01d2783140af8e9f-14412537}\USERS\SARAH M\APPDATA\ROAMING\MICROSOFT\WINDOWS\PIDGIN\PIDGIN.EXE
2017-01-27 16:54:05,\VOLUME{01d2783140af8e9f-14412537}\WINDOWS\MICROSOFT.NET\FRAMEWORK64\V3.0\WPF\PRESENTATIONFONTCACHE.EXE
2017-02-02 21:27:53,\VOLUME{01d2783140af8e9f-14412537}\PROGRAM FILES (X86)\INTEL\INTEL(R) MANAGEMENT ENGINE COMPONENTS\IMSS\PRIVACYICONCLIENT.EXE
2017-02-01 19:11:04,\VOLUME{01d2783140af8e9f-14412537}\PROGRAM FILES (X86)\INTEL\INTEL(R) MANAGEMENT ENGINE COMPONENTS\IMSS\PRIVACYICONCLIENT.EXE
2017-02-01 16:58:36,\VOLUME{01d2783140af8e9f-14412537}\PROGRAM FILES (X86)\INTEL\INTEL(R) MANAGEMENT ENGINE COMPONENTS\IMSS\PRIVACYICONCLIENT.EXE
2017-01-31 18:54:43,\VOLUME{01d2783140af8e9f-14412537}\PROGRAM FILES (X86)\INTEL\INTEL(R) MANAGEMENT ENGINE COMPONENTS\IMSS\PRIVACYICONCLIENT.EXE
2017-01-30 22:52:00,\VOLUME{01d2783140af8e9f-14412537}\PROGRAM FILES (X86)\INTEL\INTEL(R) MANAGEMENT ENGINE COMPONENTS\IMSS\PRIVACYICONCLIENT.EXE
2017-01-30 22:38:25,\VOLUME{01d2783140af8e9f-14412537}\PROGRAM FILES (X86)\INTEL\INTEL(R) MANAGEMENT ENGINE COMPONENTS\IMSS\PRIVACYICONCLIENT.EXE
2017-01-30 18:49:36,\VOLUME{01d2783140af8e9f-14412537}\PROGRAM FILES (X86)\INTEL\INTEL(R) MANAGEMENT ENGINE COMPONENTS\IMSS\PRIVACYICONCLIENT.EXE
2017-01-28 21:43:58,\VOLUME{01d2783140af8e9f-14412537}\PROGRAM FILES (X86)\INTEL\INTEL(R) MANAGEMENT ENGINE COMPONENTS\IMSS\PRIVACYICONCLIENT.EXE
2017-02-02 21:24:44,\VOLUME{01d2783140af8e9f-14412537}\PROGRAM FILES (X86)\HP\HP HOTKEY SUPPORT\QLBCONTROLLER.EXE
2017-01-31 18:51:39,\VOLUME{01d2783140af8e9f-14412537}\PROGRAM FILES (X86)\HP\HP HOTKEY SUPPORT\QLBCONTROLLER.EXE
2017-01-30 22:48:57,\VOLUME{01d2783140af8e9f-14412537}\PROGRAM FILES (X86)\HP\HP HOTKEY SUPPORT\QLBCONTROLLER.EXE
2017-01-30 22:35:23,\VOLUME{01d2783140af8e9f-14412537}\PROGRAM FILES (X86)\HP\HP HOTKEY SUPPORT\QLBCONTROLLER.EXE
2017-01-28 21:40:55,\VOLUME{01d2783140af8e9f-14412537}\PROGRAM FILES (X86)\HP\HP HOTKEY SUPPORT\QLBCONTROLLER.EXE
2017-02-02 22:25:27,\VOLUME{01d2783140af8e9f-14412537}\WINDOWS\SYSWOW64\REG.EXE
2017-02-02 22:25:23,\VOLUME{01d2783140af8e9f-14412537}\WINDOWS\SYSWOW64\REG.EXE
2017-02-02 21:24:33,\VOLUME{01d2783140af8e9f-14412537}\WINDOWS\RTSCM64.EXE
2017-02-01 19:07:53,\VOLUME{01d2783140af8e9f-14412537}\WINDOWS\RTSCM64.EXE
2017-02-01 16:55:24,\VOLUME{01d2783140af8e9f-14412537}\WINDOWS\RTSCM64.EXE
2017-01-31 18:51:28,\VOLUME{01d2783140af8e9f-14412537}\WINDOWS\RTSCM64.EXE
2017-01-30 22:48:47,\VOLUME{01d2783140af8e9f-14412537}\WINDOWS\RTSCM64.EXE
2017-01-30 22:35:12,\VOLUME{01d2783140af8e9f-14412537}\WINDOWS\RTSCM64.EXE
2017-01-30 18:46:26,\VOLUME{01d2783140af8e9f-14412537}\WINDOWS\RTSCM64.EXE
2017-01-28 21:40:45,\VOLUME{01d2783140af8e9f-14412537}\WINDOWS\RTSCM64.EXE
2017-01-27 16:54:05,\VOLUME{01d2783140af8e9f-14412537}\WINDOWS\SYSTEM32\RUNDLL32.EXE
2017-02-02 22:01:10,\VOLUME{01d2783140af8e9f-14412537}\WINDOWS\SYSTEM32\RUNDLL32.EXE
2017-02-02 21:27:27,\VOLUME{01d2783140af8e9f-14412537}\WINDOWS\SYSTEM32\RUNDLL32.EXE
2017-02-01 16:58:52,\VOLUME{01d2783140af8e9f-14412537}\WINDOWS\SYSTEM32\RUNDLL32.EXE
2017-01-30 18:49:43,\VOLUME{01d2783140af8e9f-14412537}\WINDOWS\SYSTEM32\RUNDLL32.EXE
2017-01-27 17:31:09,\VOLUME{01d2783140af8e9f-14412537}\WINDOWS\SYSTEM32\RUNDLL32.EXE
2017-01-27 17:30:40,\VOLUME{01d2783140af8e9f-14412537}\WINDOWS\SYSTEM32\RUNDLL32.EXE
2017-01-27 17:29:58,\VOLUME{01d2783140af8e9f-14412537}\WINDOWS\SYSTEM32\RUNDLL32.EXE
2017-01-27 17:29:31,\VOLUME{01d2783140af8e9f-14412537}\WINDOWS\SYSTEM32\RUNDLL32.EXE
2017-01-27 17:29:16,\VOLUME{01d2783140af8e9f-14412537}\WINDOWS\SYSTEM32\RUNDLL32.EXE
2017-01-27 16:54:59,\VOLUME{01d2783140af8e9f-14412537}\WINDOWS\SYSTEM32\RUNDLL32.EXE
2017-01-27 16:55:04,\VOLUME{01d2783140af8e9f-14412537}\WINDOWS\SYSTEM32\RUNDLL32.EXE
2017-02-02 22:00:18,\VOLUME{01d2783140af8e9f-14412537}\WINDOWS\SYSTEM32\RUNDLL32.EXE
2017-01-31 19:09:41,\VOLUME{01d2783140af8e9f-14412537}\WINDOWS\SYSTEM32\RUNDLL32.EXE
2017-01-27 17:19:25,\VOLUME{01d2783140af8e9f-14412537}\WINDOWS\SYSTEM32\RUNDLL32.EXE
2017-01-27 17:46:10,\VOLUME{01d2783140af8e9f-14412537}\WINDOWS\SYSTEM32\RUNDLL32.EXE
2017-01-27 16:55:02,\VOLUME{01d2783140af8e9f-14412537}\WINDOWS\SYSTEM32\RUNDLL32.EXE
2017-01-27 17:33:44,\VOLUME{01d2783140af8e9f-14412537}\WINDOWS\SYSTEM32\RUNDLL32.EXE
2017-01-27 17:33:43,\VOLUME{01d2783140af8e9f-14412537}\WINDOWS\SYSTEM32\RUNDLL32.EXE
2017-01-27 17:33:44,\VOLUME{01d2783140af8e9f-14412537}\WINDOWS\SYSTEM32\RUNDLL32.EXE
2017-01-27 17:33:44,\VOLUME{01d2783140af8e9f-14412537}\WINDOWS\SYSTEM32\RUNDLL32.EXE
2017-01-27 16:54:42,\VOLUME{01d2783140af8e9f-14412537}\WINDOWS\SYSTEM32\RUNDLL32.EXE
2017-01-27 16:54:56,\VOLUME{01d2783140af8e9f-14412537}\WINDOWS\SYSTEM32\RUNDLL32.EXE
2017-02-02 21:24:37,\VOLUME{01d2783140af8e9f-14412537}\WINDOWS\SYSWOW64\RUNONCE.EXE
2017-02-01 19:07:56,\VOLUME{01d2783140af8e9f-14412537}\WINDOWS\SYSWOW64\RUNONCE.EXE
2017-01-31 18:51:33,\VOLUME{01d2783140af8e9f-14412537}\WINDOWS\SYSWOW64\RUNONCE.EXE
2017-01-30 22:48:50,\VOLUME{01d2783140af8e9f-14412537}\WINDOWS\SYSWOW64\RUNONCE.EXE
2017-01-30 22:35:17,\VOLUME{01d2783140af8e9f-14412537}\WINDOWS\SYSWOW64\RUNONCE.EXE
2017-01-30 18:46:30,\VOLUME{01d2783140af8e9f-14412537}\WINDOWS\SYSWOW64\RUNONCE.EXE
2017-01-28 21:40:48,\VOLUME{01d2783140af8e9f-14412537}\WINDOWS\SYSWOW64\RUNONCE.EXE
2017-01-27 16:57:26,\VOLUME{01d2783140af8e9f-14412537}\WINDOWS\SYSWOW64\RUNONCE.EXE
2017-02-01 19:07:32,\VOLUME{01d2783140af8e9f-14412537}\WINDOWS\SYSTEM32\RUNTIMEBROKER.EXE
2017-02-01 16:55:06,\VOLUME{01d2783140af8e9f-14412537}\WINDOWS\SYSTEM32\RUNTIMEBROKER.EXE
2017-01-27 16:55:26,\VOLUME{01d2783140af8e9f-14412537}\WINDOWS\SYSTEM32\RUNTIMEBROKER.EXE
2017-01-27 16:54:39,\VOLUME{01d2783140af8e9f-14412537}\PROGRAM FILES\CONEXANT\SA3\HP-NB-AIO\SACPL.EXE
2017-01-28 22:40:14,\VOLUME{01d2783140af8e9f-14412537}\WINDOWS\SYSTEM32\SCHTASKS.EXE
2017-02-02 22:51:41,\VOLUME{01d2783140af8e9f-14412537}\WINDOWS\SYSTEM32\SEARCHFILTERHOST.EXE
2017-02-02 22:38:36,\VOLUME{01d2783140af8e9f-14412537}\WINDOWS\SYSTEM32\SEARCHFILTERHOST.EXE
2017-02-02 22:25:03,\VOLUME{01d2783140af8e9f-14412537}\WINDOWS\SYSTEM32\SEARCHFILTERHOST.EXE
2017-02-02 22:11:28,\VOLUME{01d2783140af8e9f-14412537}\WINDOWS\SYSTEM32\SEARCHFILTERHOST.EXE
2017-02-02 22:00:17,\VOLUME{01d2783140af8e9f-14412537}\WINDOWS\SYSTEM32\SEARCHFILTERHOST.EXE
2017-02-02 21:56:28,\VOLUME{01d2783140af8e9f-14412537}\WINDOWS\SYSTEM32\SEARCHFILTERHOST.EXE
2017-02-02 21:41:28,\VOLUME{01d2783140af8e9f-14412537}\WINDOWS\SYSTEM32\SEARCHFILTERHOST.EXE
2017-02-02 21:26:57,\VOLUME{01d2783140af8e9f-14412537}\WINDOWS\SYSTEM32\SEARCHFILTERHOST.EXE
2017-01-30 22:48:23,\VOLUME{01d2783140af8e9f-14412537}\WINDOWS\SYSTEM32\SEARCHINDEXER.EXE
2017-01-27 16:54:05,\VOLUME{01d2783140af8e9f-14412537}\WINDOWS\SYSTEM32\SEARCHINDEXER.EXE
2017-01-27 02:57:26,\VOLUME{01d2783140af8e9f-14412537}\WINDOWS\SYSTEM32\SEARCHINDEXER.EXE
2017-02-02 22:51:41,\VOLUME{01d2783140af8e9f-14412537}\WINDOWS\SYSTEM32\SEARCHPROTOCOLHOST.EXE
2017-02-02 22:41:28,\VOLUME{01d2783140af8e9f-14412537}\WINDOWS\SYSTEM32\SEARCHPROTOCOLHOST.EXE
2017-02-02 22:38:36,\VOLUME{01d2783140af8e9f-14412537}\WINDOWS\SYSTEM32\SEARCHPROTOCOLHOST.EXE
2017-02-02 22:25:03,\VOLUME{01d2783140af8e9f-14412537}\WINDOWS\SYSTEM32\SEARCHPROTOCOLHOST.EXE
2017-02-02 22:11:28,\VOLUME{01d2783140af8e9f-14412537}\WINDOWS\SYSTEM32\SEARCHPROTOCOLHOST.EXE
2017-02-02 22:00:17,\VOLUME{01d2783140af8e9f-14412537}\WINDOWS\SYSTEM32\SEARCHPROTOCOLHOST.EXE
2017-02-02 21:56:28,\VOLUME{01d2783140af8e9f-14412537}\WINDOWS\SYSTEM32\SEARCHPROTOCOLHOST.EXE
2017-02-02 21:41:28,\VOLUME{01d2783140af8e9f-14412537}\WINDOWS\SYSTEM32\SEARCHPROTOCOLHOST.EXE
2017-02-01 19:07:39,\VOLUME{01d2783140af8e9f-14412537}\WINDOWS\SYSTEMAPPS\MICROSOFT.WINDOWS.CORTANA_CW5N1H2TXYEWY\SEARCHUI.EXE
2017-02-01 16:55:12,\VOLUME{01d2783140af8e9f-14412537}\WINDOWS\SYSTEMAPPS\MICROSOFT.WINDOWS.CORTANA_CW5N1H2TXYEWY\SEARCHUI.EXE
2017-01-30 22:48:28,\VOLUME{01d2783140af8e9f-14412537}\WINDOWS\SYSTEMAPPS\MICROSOFT.WINDOWS.CORTANA_CW5N1H2TXYEWY\SEARCHUI.EXE
2017-01-30 22:34:56,\VOLUME{01d2783140af8e9f-14412537}\WINDOWS\SYSTEMAPPS\MICROSOFT.WINDOWS.CORTANA_CW5N1H2TXYEWY\SEARCHUI.EXE
2017-01-30 18:46:11,\VOLUME{01d2783140af8e9f-14412537}\WINDOWS\SYSTEMAPPS\MICROSOFT.WINDOWS.CORTANA_CW5N1H2TXYEWY\SEARCHUI.EXE
2017-01-28 21:40:29,\VOLUME{01d2783140af8e9f-14412537}\WINDOWS\SYSTEMAPPS\MICROSOFT.WINDOWS.CORTANA_CW5N1H2TXYEWY\SEARCHUI.EXE
2017-01-27 16:55:36,\VOLUME{01d2783140af8e9f-14412537}\WINDOWS\SYSTEMAPPS\MICROSOFT.WINDOWS.CORTANA_CW5N1H2TXYEWY\SEARCHUI.EXE
2017-02-02 21:25:45,\VOLUME{01d2783140af8e9f-14412537}\WINDOWS\TEMP\CR_967BF.TMP\SETUP.EXE
2017-02-02 21:25:44,\VOLUME{01d2783140af8e9f-14412537}\PROGRAM FILES (X86)\GOOGLE\CHROME\APPLICATION\56.0.2924.76\INSTALLER\SETUP.EXE
2017-02-02 21:25:44,\VOLUME{01d2783140af8e9f-14412537}\PROGRAM FILES (X86)\GOOGLE\CHROME\APPLICATION\56.0.2924.76\INSTALLER\SETUP.EXE
2017-01-27 02:58:33,\VOLUME{01d2783140af8e9f-14412537}\$WINDOWS.~BT\SOURCES\SETUPHOST.EXE
2017-01-27 02:58:31,\VOLUME{01d2783140af8e9f-14412537}\$WINDOWS.~BT\SOURCES\SETUPPLATFORM.EXE
2017-01-27 02:43:37,\VOLUME{01d2783140af8e9f-14412537}\$WINDOWS.~BT\SOURCES\SETUPPLATFORM.EXE
2017-01-30 22:48:23,\VOLUME{01d2783140af8e9f-14412537}\WINDOWS\SYSTEMAPPS\SHELLEXPERIENCEHOST_CW5N1H2TXYEWY\SHELLEXPERIENCEHOST.EXE
2017-01-28 21:40:23,\VOLUME{01d2783140af8e9f-14412537}\WINDOWS\SYSTEMAPPS\SHELLEXPERIENCEHOST_CW5N1H2TXYEWY\SHELLEXPERIENCEHOST.EXE
2017-01-27 16:55:33,\VOLUME{01d2783140af8e9f-14412537}\WINDOWS\SYSTEMAPPS\SHELLEXPERIENCEHOST_CW5N1H2TXYEWY\SHELLEXPERIENCEHOST.EXE
2017-02-02 21:24:15,\VOLUME{01d2783140af8e9f-14412537}\WINDOWS\SYSTEM32\SIHOST.EXE
2017-02-01 19:07:31,\VOLUME{01d2783140af8e9f-14412537}\WINDOWS\SYSTEM32\SIHOST.EXE
2017-02-01 16:55:05,\VOLUME{01d2783140af8e9f-14412537}\WINDOWS\SYSTEM32\SIHOST.EXE
2017-01-31 18:51:11,\VOLUME{01d2783140af8e9f-14412537}\WINDOWS\SYSTEM32\SIHOST.EXE
2017-01-30 22:34:47,\VOLUME{01d2783140af8e9f-14412537}\WINDOWS\SYSTEM32\SIHOST.EXE
2017-01-30 18:46:09,\VOLUME{01d2783140af8e9f-14412537}\WINDOWS\SYSTEM32\SIHOST.EXE
2017-01-28 21:40:09,\VOLUME{01d2783140af8e9f-14412537}\WINDOWS\SYSTEM32\SIHOST.EXE
2017-01-27 16:54:05,\VOLUME{01d2783140af8e9f-14412537}\WINDOWS\SYSTEM32\SIHOST.EXE
2017-01-31 20:01:41,\VOLUME{01d2783140af8e9f-14412537}\PROGRAM FILES (X86)\SKYPE\PHONE\SKYPE.EXE
2017-01-31 19:26:31,\VOLUME{01d2783140af8e9f-14412537}\PROGRAM FILES (X86)\SKYPE\PHONE\SKYPE.EXE
2017-01-31 19:01:08,\VOLUME{01d2783140af8e9f-14412537}\PROGRAM FILES (X86)\SKYPE\PHONE\SKYPE.EXE
2017-01-31 18:59:38,\VOLUME{01d2783140af8e9f-14412537}\PROGRAM FILES (X86)\SKYPE\PHONE\SKYPE.EXE
2017-01-30 19:20:39,\VOLUME{01d2783140af8e9f-14412537}\PROGRAM FILES (X86)\SKYPE\PHONE\SKYPE.EXE
2017-01-30 18:51:31,\VOLUME{01d2783140af8e9f-14412537}\PROGRAM FILES (X86)\SKYPE\PHONE\SKYPE.EXE
2017-01-30 18:47:50,\VOLUME{01d2783140af8e9f-14412537}\PROGRAM FILES (X86)\SKYPE\PHONE\SKYPE.EXE
2017-01-31 19:01:14,\VOLUME{01d2783140af8e9f-14412537}\PROGRAM FILES (X86)\SKYPE\BROWSER\SKYPEBROWSERHOST.EXE
2017-01-31 19:01:09,\VOLUME{01d2783140af8e9f-14412537}\PROGRAM FILES (X86)\SKYPE\BROWSER\SKYPEBROWSERHOST.EXE
2017-01-31 19:01:05,\VOLUME{01d2783140af8e9f-14412537}\PROGRAM FILES (X86)\SKYPE\BROWSER\SKYPEBROWSERHOST.EXE
2017-01-31 18:59:51,\VOLUME{01d2783140af8e9f-14412537}\PROGRAM FILES (X86)\SKYPE\BROWSER\SKYPEBROWSERHOST.EXE
2017-01-30 19:20:41,\VOLUME{01d2783140af8e9f-14412537}\PROGRAM FILES (X86)\SKYPE\BROWSER\SKYPEBROWSERHOST.EXE
2017-01-30 18:52:51,\VOLUME{01d2783140af8e9f-14412537}\PROGRAM FILES (X86)\SKYPE\BROWSER\SKYPEBROWSERHOST.EXE
2017-01-30 18:52:09,\VOLUME{01d2783140af8e9f-14412537}\PROGRAM FILES (X86)\SKYPE\BROWSER\SKYPEBROWSERHOST.EXE
2017-01-30 18:51:25,\VOLUME{01d2783140af8e9f-14412537}\PROGRAM FILES (X86)\SKYPE\BROWSER\SKYPEBROWSERHOST.EXE
2017-01-31 18:53:26,\VOLUME{01d2783140af8e9f-14412537}\WINDOWS\SYSTEM32\SLUI.EXE
2017-01-31 18:53:24,\VOLUME{01d2783140af8e9f-14412537}\WINDOWS\SYSTEM32\SLUI.EXE
2017-01-27 16:54:43,\VOLUME{01d2783140af8e9f-14412537}\PROGRAM FILES\CONEXANT\SA3\HP-NB-AIO\SMARTAUDIO3.EXE
2017-02-02 22:25:10,\VOLUME{01d2783140af8e9f-14412537}\WINDOWS\SYSTEM32\SMARTSCREEN.EXE
2017-02-02 21:57:10,\VOLUME{01d2783140af8e9f-14412537}\WINDOWS\SYSTEM32\SMARTSCREEN.EXE
2017-02-02 21:24:33,\VOLUME{01d2783140af8e9f-14412537}\WINDOWS\SYSTEM32\SMARTSCREEN.EXE
2017-02-01 19:14:53,\VOLUME{01d2783140af8e9f-14412537}\WINDOWS\SYSTEM32\SMARTSCREEN.EXE
2017-02-01 19:07:52,\VOLUME{01d2783140af8e9f-14412537}\WINDOWS\SYSTEM32\SMARTSCREEN.EXE
2017-02-01 16:55:24,\VOLUME{01d2783140af8e9f-14412537}\WINDOWS\SYSTEM32\SMARTSCREEN.EXE
2017-01-31 19:26:31,\VOLUME{01d2783140af8e9f-14412537}\WINDOWS\SYSTEM32\SMARTSCREEN.EXE
2017-01-31 19:10:30,\VOLUME{01d2783140af8e9f-14412537}\WINDOWS\SYSTEM32\SMARTSCREEN.EXE
2017-01-27 02:43:29,\VOLUME{01d2783140af8e9f-14412537}\WINDOWS\MICROSOFT.NET\FRAMEWORK\V3.0\WINDOWS COMMUNICATION FOUNDATION\SMCONFIGINSTALLER.EXE
2017-01-27 02:56:09,\VOLUME{01d2783140af8e9f-14412537}\WINDOWS\MICROSOFT.NET\FRAMEWORK64\V3.0\WINDOWS COMMUNICATION FOUNDATION\SMCONFIGINSTALLER.EXE
2017-01-27 02:43:29,\VOLUME{01d2783140af8e9f-14412537}\WINDOWS\MICROSOFT.NET\FRAMEWORK64\V3.0\WINDOWS COMMUNICATION FOUNDATION\SMCONFIGINSTALLER.EXE
2017-02-02 22:53:19,\VOLUME{01d2783140af8e9f-14412537}\WINDOWS\SYSTEM32\SMSS.EXE
2017-02-01 19:59:35,\VOLUME{01d2783140af8e9f-14412537}\WINDOWS\SYSTEM32\SMSS.EXE
2017-02-01 17:54:15,\VOLUME{01d2783140af8e9f-14412537}\WINDOWS\SYSTEM32\SMSS.EXE
2017-01-31 20:01:40,\VOLUME{01d2783140af8e9f-14412537}\WINDOWS\SYSTEM32\SMSS.EXE
2017-01-30 23:08:07,\VOLUME{01d2783140af8e9f-14412537}\WINDOWS\SYSTEM32\SMSS.EXE
2017-01-30 19:28:17,\VOLUME{01d2783140af8e9f-14412537}\WINDOWS\SYSTEM32\SMSS.EXE
2017-01-28 22:44:52,\VOLUME{01d2783140af8e9f-14412537}\WINDOWS\SYSTEM32\SMSS.EXE
2017-01-27 18:54:18,\VOLUME{01d2783140af8e9f-14412537}\WINDOWS\SYSTEM32\SMSS.EXE
2017-01-31 18:53:23,\VOLUME{01d2783140af8e9f-14412537}\WINDOWS\SYSTEM32\SPPEXTCOMOBJ.EXE
2017-02-06 19:19:42,\VOLUME{01d2783140af8e9f-14412537}\WINDOWS\SYSTEM32\SPPSVC.EXE
2017-02-02 21:25:13,\VOLUME{01d2783140af8e9f-14412537}\WINDOWS\SYSTEM32\SPPSVC.EXE
2017-02-01 16:57:53,\VOLUME{01d2783140af8e9f-14412537}\WINDOWS\SYSTEM32\SPPSVC.EXE
2017-01-31 18:53:21,\VOLUME{01d2783140af8e9f-14412537}\WINDOWS\SYSTEM32\SPPSVC.EXE
2017-01-30 22:50:00,\VOLUME{01d2783140af8e9f-14412537}\WINDOWS\SYSTEM32\SPPSVC.EXE
2017-01-30 18:48:50,\VOLUME{01d2783140af8e9f-14412537}\WINDOWS\SYSTEM32\SPPSVC.EXE
2017-01-28 21:56:29,\VOLUME{01d2783140af8e9f-14412537}\WINDOWS\SYSTEM32\SPPSVC.EXE
2017-01-28 21:42:25,\VOLUME{01d2783140af8e9f-14412537}\WINDOWS\SYSTEM32\SPPSVC.EXE
2017-02-06 19:19:33,\VOLUME{01d2783140af8e9f-14412537}\WINDOWS\SYSTEM32\SRTASKS.EXE
2017-01-27 17:11:50,\VOLUME{01d2783140af8e9f-14412537}\WINDOWS\SYSTEM32\SRTASKS.EXE
2017-02-06 19:15:52,\VOLUME{01d2783140af8e9f-14412537}\WINDOWS\SYSTEM32\SVCHOST.EXE
2017-02-02 22:07:18,\VOLUME{01d2783140af8e9f-14412537}\WINDOWS\SYSTEM32\SVCHOST.EXE
2017-02-02 21:21:36,\VOLUME{01d2783140af8e9f-14412537}\WINDOWS\SYSTEM32\SVCHOST.EXE
2017-02-01 17:52:33,\VOLUME{01d2783140af8e9f-14412537}\WINDOWS\SYSTEM32\SVCHOST.EXE
2017-02-01 17:33:27,\VOLUME{01d2783140af8e9f-14412537}\WINDOWS\SYSTEM32\SVCHOST.EXE
2017-02-01 16:54:47,\VOLUME{01d2783140af8e9f-14412537}\WINDOWS\SYSTEM32\SVCHOST.EXE
2017-01-31 18:50:17,\VOLUME{01d2783140af8e9f-14412537}\WINDOWS\SYSTEM32\SVCHOST.EXE
2017-01-30 22:33:23,\VOLUME{01d2783140af8e9f-14412537}\WINDOWS\SYSTEM32\SVCHOST.EXE
2017-01-28 21:42:27,\VOLUME{01d2783140af8e9f-14412537}\WINDOWS\SYSTEM32\SVCHOST.EXE
2017-02-02 22:53:21,\VOLUME{01d2783140af8e9f-14412537}\WINDOWS\SYSTEM32\SVCHOST.EXE
2017-02-02 22:38:26,\VOLUME{01d2783140af8e9f-14412537}\WINDOWS\SYSTEM32\SVCHOST.EXE
2017-02-01 19:59:37,\VOLUME{01d2783140af8e9f-14412537}\WINDOWS\SYSTEM32\SVCHOST.EXE
2017-02-01 17:31:15,\VOLUME{01d2783140af8e9f-14412537}\WINDOWS\SYSTEM32\SVCHOST.EXE
2017-01-31 20:01:44,\VOLUME{01d2783140af8e9f-14412537}\WINDOWS\SYSTEM32\SVCHOST.EXE
2017-01-30 23:08:09,\VOLUME{01d2783140af8e9f-14412537}\WINDOWS\SYSTEM32\SVCHOST.EXE
2017-01-28 22:44:54,\VOLUME{01d2783140af8e9f-14412537}\WINDOWS\SYSTEM32\SVCHOST.EXE
2017-01-28 22:40:15,\VOLUME{01d2783140af8e9f-14412537}\WINDOWS\SYSTEM32\SVCHOST.EXE
2017-01-27 16:54:17,\VOLUME{01d2783140af8e9f-14412537}\WINDOWS\SYSTEM32\SVCHOST.EXE
2017-01-27 02:58:09,\VOLUME{01d2783140af8e9f-14412537}\WINDOWS\SYSTEM32\SVCHOST.EXE
2017-01-27 02:55:57,\VOLUME{01d2783140af8e9f-14412537}\WINDOWS\SYSTEM32\SVCHOST.EXE
2017-01-27 02:58:40,\VOLUME{01d2783140af8e9f-14412537}\WINDOWS\SYSTEM32\SVCHOST.EXE
2017-02-02 22:53:20,\VOLUME{01d2783140af8e9f-14412537}\WINDOWS\SYSTEM32\SVCHOST.EXE
2017-02-02 22:42:11,\VOLUME{01d2783140af8e9f-14412537}\WINDOWS\SYSTEM32\SVCHOST.EXE
2017-02-02 22:27:11,\VOLUME{01d2783140af8e9f-14412537}\WINDOWS\SYSTEM32\SVCHOST.EXE
2017-02-02 22:12:11,\VOLUME{01d2783140af8e9f-14412537}\WINDOWS\SYSTEM32\SVCHOST.EXE
2017-02-02 21:57:10,\VOLUME{01d2783140af8e9f-14412537}\WINDOWS\SYSTEM32\SVCHOST.EXE
2017-02-02 21:43:26,\VOLUME{01d2783140af8e9f-14412537}\WINDOWS\SYSTEM32\SVCHOST.EXE
2017-02-02 21:28:25,\VOLUME{01d2783140af8e9f-14412537}\WINDOWS\SYSTEM32\SVCHOST.EXE
2017-02-01 19:54:37,\VOLUME{01d2783140af8e9f-14412537}\WINDOWS\SYSTEM32\SVCHOST.EXE
2017-02-06 19:19:22,\VOLUME{01d2783140af8e9f-14412537}\WINDOWS\SYSTEM32\SVCHOST.EXE
2017-02-02 22:39:14,\VOLUME{01d2783140af8e9f-14412537}\WINDOWS\SYSTEM32\SVCHOST.EXE
2017-02-02 21:25:10,\VOLUME{01d2783140af8e9f-14412537}\WINDOWS\SYSTEM32\SVCHOST.EXE
2017-02-01 16:58:00,\VOLUME{01d2783140af8e9f-14412537}\WINDOWS\SYSTEM32\SVCHOST.EXE
2017-01-31 18:50:20,\VOLUME{01d2783140af8e9f-14412537}\WINDOWS\SYSTEM32\SVCHOST.EXE
2017-01-30 22:59:55,\VOLUME{01d2783140af8e9f-14412537}\WINDOWS\SYSTEM32\SVCHOST.EXE
2017-01-30 22:45:55,\VOLUME{01d2783140af8e9f-14412537}\WINDOWS\SYSTEM32\SVCHOST.EXE
2017-01-30 18:48:52,\VOLUME{01d2783140af8e9f-14412537}\WINDOWS\SYSTEM32\SVCHOST.EXE
2017-02-06 19:18:58,\VOLUME{01d2783140af8e9f-14412537}\WINDOWS\SYSTEM32\SVCHOST.EXE
2017-01-27 17:11:24,\VOLUME{01d2783140af8e9f-14412537}\WINDOWS\SYSTEM32\SVCHOST.EXE
2017-01-27 02:57:41,\VOLUME{01d2783140af8e9f-14412537}\WINDOWS\SYSTEM32\SVCHOST.EXE
2017-01-27 17:21:01,\VOLUME{01d2783140af8e9f-14412537}\WINDOWS\SYSTEM32\SVCHOST.EXE
2017-02-07 14:03:22,\VOLUME{01d2783140af8e9f-14412537}\WINDOWS\SYSTEM32\SVCHOST.EXE
2017-01-30 22:49:50,\VOLUME{01d2783140af8e9f-14412537}\WINDOWS\SYSTEM32\SVCHOST.EXE
2017-01-27 16:54:02,\VOLUME{01d2783140af8e9f-14412537}\WINDOWS\SYSTEM32\SVCHOST.EXE
2017-01-27 02:52:24,\VOLUME{01d2783140af8e9f-14412537}\WINDOWS\SYSTEM32\SVCHOST.EXE
2017-01-27 02:47:59,\VOLUME{01d2783140af8e9f-14412537}\WINDOWS\SYSTEM32\SVCHOST.EXE
2017-02-02 22:05:12,\VOLUME{01d2783140af8e9f-14412537}\WINDOWS\SYSTEM32\SVCHOST.EXE
2017-02-01 17:30:50,\VOLUME{01d2783140af8e9f-14412537}\WINDOWS\SYSTEM32\SVCHOST.EXE
2017-01-30 18:46:16,\VOLUME{01d2783140af8e9f-14412537}\WINDOWS\SYSTEM32\SVCHOST.EXE
2017-02-06 19:19:16,\VOLUME{01d2783140af8e9f-14412537}\WINDOWS\SYSTEM32\SVCHOST.EXE
2017-02-02 21:25:04,\VOLUME{01d2783140af8e9f-14412537}\WINDOWS\SYSTEM32\SVCHOST.EXE
2017-02-01 16:57:50,\VOLUME{01d2783140af8e9f-14412537}\WINDOWS\SYSTEM32\SVCHOST.EXE
2017-01-31 18:59:47,\VOLUME{01d2783140af8e9f-14412537}\WINDOWS\SYSTEM32\SVCHOST.EXE
2017-01-31 18:53:18,\VOLUME{01d2783140af8e9f-14412537}\WINDOWS\SYSTEM32\SVCHOST.EXE
2017-01-30 18:48:44,\VOLUME{01d2783140af8e9f-14412537}\WINDOWS\SYSTEM32\SVCHOST.EXE
2017-01-30 18:48:01,\VOLUME{01d2783140af8e9f-14412537}\WINDOWS\SYSTEM32\SVCHOST.EXE
2017-01-28 21:42:23,\VOLUME{01d2783140af8e9f-14412537}\WINDOWS\SYSTEM32\SVCHOST.EXE
2017-02-02 21:24:15,\VOLUME{01d2783140af8e9f-14412537}\WINDOWS\SYSTEM32\SVCHOST.EXE
2017-02-01 19:07:31,\VOLUME{01d2783140af8e9f-14412537}\WINDOWS\SYSTEM32\SVCHOST.EXE
2017-02-01 16:55:05,\VOLUME{01d2783140af8e9f-14412537}\WINDOWS\SYSTEM32\SVCHOST.EXE
2017-01-31 18:51:11,\VOLUME{01d2783140af8e9f-14412537}\WINDOWS\SYSTEM32\SVCHOST.EXE
2017-01-30 22:34:47,\VOLUME{01d2783140af8e9f-14412537}\WINDOWS\SYSTEM32\SVCHOST.EXE
2017-01-30 18:46:09,\VOLUME{01d2783140af8e9f-14412537}\WINDOWS\SYSTEM32\SVCHOST.EXE
2017-01-28 21:40:09,\VOLUME{01d2783140af8e9f-14412537}\WINDOWS\SYSTEM32\SVCHOST.EXE
2017-01-27 16:54:05,\VOLUME{01d2783140af8e9f-14412537}\WINDOWS\SYSTEM32\SVCHOST.EXE
2017-01-30 22:49:59,\VOLUME{01d2783140af8e9f-14412537}\WINDOWS\SYSTEM32\SVCHOST.EXE
2017-01-27 16:56:23,\VOLUME{01d2783140af8e9f-14412537}\WINDOWS\SYSTEM32\SVCHOST.EXE
2017-01-27 02:54:02,\VOLUME{01d2783140af8e9f-14412537}\WINDOWS\SYSTEM32\SVCHOST.EXE
2017-01-27 17:21:49,\VOLUME{01d2783140af8e9f-14412537}\WINDOWS\SYSTEM32\SVCHOST.EXE
2017-02-02 22:53:20,\VOLUME{01d2783140af8e9f-14412537}\PROGRAM FILES\SYNAPTICS\SYNTP\SYNTPENH.EXE
2017-02-02 21:24:15,\VOLUME{01d2783140af8e9f-14412537}\PROGRAM FILES\SYNAPTICS\SYNTP\SYNTPENH.EXE
2017-02-01 19:59:36,\VOLUME{01d2783140af8e9f-14412537}\PROGRAM FILES\SYNAPTICS\SYNTP\SYNTPENH.EXE
2017-02-01 19:07:31,\VOLUME{01d2783140af8e9f-14412537}\PROGRAM FILES\SYNAPTICS\SYNTP\SYNTPENH.EXE
2017-02-01 17:54:16,\VOLUME{01d2783140af8e9f-14412537}\PROGRAM FILES\SYNAPTICS\SYNTP\SYNTPENH.EXE
2017-02-01 16:55:04,\VOLUME{01d2783140af8e9f-14412537}\PROGRAM FILES\SYNAPTICS\SYNTP\SYNTPENH.EXE
2017-01-31 20:01:41,\VOLUME{01d2783140af8e9f-14412537}\PROGRAM FILES\SYNAPTICS\SYNTP\SYNTPENH.EXE
2017-01-31 18:51:10,\VOLUME{01d2783140af8e9f-14412537}\PROGRAM FILES\SYNAPTICS\SYNTP\SYNTPENH.EXE
2017-02-02 21:24:15,\VOLUME{01d2783140af8e9f-14412537}\PROGRAM FILES\SYNAPTICS\SYNTP\SYNTPHELPER.EXE
2017-02-01 19:07:34,\VOLUME{01d2783140af8e9f-14412537}\PROGRAM FILES\SYNAPTICS\SYNTP\SYNTPHELPER.EXE
2017-02-01 16:55:07,\VOLUME{01d2783140af8e9f-14412537}\PROGRAM FILES\SYNAPTICS\SYNTP\SYNTPHELPER.EXE
2017-01-31 18:51:11,\VOLUME{01d2783140af8e9f-14412537}\PROGRAM FILES\SYNAPTICS\SYNTP\SYNTPHELPER.EXE
2017-01-28 21:40:18,\VOLUME{01d2783140af8e9f-14412537}\PROGRAM FILES\SYNAPTICS\SYNTP\SYNTPHELPER.EXE
2017-01-27 16:54:37,\VOLUME{01d2783140af8e9f-14412537}\PROGRAM FILES\SYNAPTICS\SYNTP\SYNTPHELPER.EXE
2017-02-02 22:05:21,\VOLUME{01d2783140af8e9f-14412537}\WINDOWS\IMMERSIVECONTROLPANEL\SYSTEMSETTINGS.EXE
2017-02-01 17:30:58,\VOLUME{01d2783140af8e9f-14412537}\WINDOWS\IMMERSIVECONTROLPANEL\SYSTEMSETTINGS.EXE
2017-01-31 19:36:33,\VOLUME{01d2783140af8e9f-14412537}\WINDOWS\IMMERSIVECONTROLPANEL\SYSTEMSETTINGS.EXE
2017-01-30 22:56:22,\VOLUME{01d2783140af8e9f-14412537}\WINDOWS\IMMERSIVECONTROLPANEL\SYSTEMSETTINGS.EXE
2017-01-30 22:39:59,\VOLUME{01d2783140af8e9f-14412537}\WINDOWS\IMMERSIVECONTROLPANEL\SYSTEMSETTINGS.EXE
2017-01-28 22:37:32,\VOLUME{01d2783140af8e9f-14412537}\WINDOWS\IMMERSIVECONTROLPANEL\SYSTEMSETTINGS.EXE
2017-01-28 22:36:51,\VOLUME{01d2783140af8e9f-14412537}\WINDOWS\IMMERSIVECONTROLPANEL\SYSTEMSETTINGS.EXE
2017-01-28 21:43:27,\VOLUME{01d2783140af8e9f-14412537}\WINDOWS\IMMERSIVECONTROLPANEL\SYSTEMSETTINGS.EXE
2017-01-30 22:49:46,\VOLUME{01d2783140af8e9f-14412537}\WINDOWS\SYSTEM32\SYSTEMSETTINGSBROKER.EXE
2017-01-30 22:49:23,\VOLUME{01d2783140af8e9f-14412537}\WINDOWS\SYSTEM32\SYSTEMSETTINGSBROKER.EXE
2017-01-30 22:38:45,\VOLUME{01d2783140af8e9f-14412537}\WINDOWS\SYSTEM32\SYSTEMSETTINGSBROKER.EXE
2017-01-30 22:35:32,\VOLUME{01d2783140af8e9f-14412537}\WINDOWS\SYSTEM32\SYSTEMSETTINGSBROKER.EXE
2017-01-30 18:48:44,\VOLUME{01d2783140af8e9f-14412537}\WINDOWS\SYSTEM32\SYSTEMSETTINGSBROKER.EXE
2017-01-28 21:43:23,\VOLUME{01d2783140af8e9f-14412537}\WINDOWS\SYSTEM32\SYSTEMSETTINGSBROKER.EXE
2017-01-28 21:42:11,\VOLUME{01d2783140af8e9f-14412537}\WINDOWS\SYSTEM32\SYSTEMSETTINGSBROKER.EXE
2017-01-28 21:40:44,\VOLUME{01d2783140af8e9f-14412537}\WINDOWS\SYSTEM32\SYSTEMSETTINGSBROKER.EXE
2017-02-02 22:25:27,\VOLUME{01d2783140af8e9f-14412537}\WINDOWS\SYSWOW64\TASKKILL.EXE
2017-02-02 22:25:27,\VOLUME{01d2783140af8e9f-14412537}\WINDOWS\SYSWOW64\TASKKILL.EXE
2017-01-27 17:08:48,\VOLUME{01d2783140af8e9f-14412537}\WINDOWS\WINSXS\AMD64_MICROSOFT-WINDOWS-SERVICINGSTACK_31BF3856AD364E35_10.0.14393.0_NONE_36D3CCC3DDFD1ECB\TIWORKER.EXE
2017-01-27 17:04:19,\VOLUME{01d2783140af8e9f-14412537}\WINDOWS\WINSXS\AMD64_MICROSOFT-WINDOWS-SERVICINGSTACK_31BF3856AD364E35_10.0.14393.0_NONE_36D3CCC3DDFD1ECB\TIWORKER.EXE
2017-01-27 02:56:05,\VOLUME{01d2783140af8e9f-14412537}\WINDOWS\WINSXS\AMD64_MICROSOFT-WINDOWS-SERVICINGSTACK_31BF3856AD364E35_10.0.14393.0_NONE_36D3CCC3DDFD1ECB\TIWORKER.EXE
2017-01-27 02:52:49,\VOLUME{01d2783140af8e9f-14412537}\WINDOWS\WINSXS\AMD64_MICROSOFT-WINDOWS-SERVICINGSTACK_31BF3856AD364E35_10.0.14393.0_NONE_36D3CCC3DDFD1ECB\TIWORKER.EXE
2017-01-27 02:48:03,\VOLUME{01d2783140af8e9f-14412537}\WINDOWS\WINSXS\AMD64_MICROSOFT-WINDOWS-SERVICINGSTACK_31BF3856AD364E35_10.0.14393.0_NONE_36D3CCC3DDFD1ECB\TIWORKER.EXE
2017-02-06 19:18:54,\VOLUME{01d2783140af8e9f-14412537}\WINDOWS\WINSXS\AMD64_MICROSOFT-WINDOWS-SERVICINGSTACK_31BF3856AD364E35_10.0.14393.693_NONE_42FF55C9655F38BF\TIWORKER.EXE
2017-02-02 21:25:29,\VOLUME{01d2783140af8e9f-14412537}\WINDOWS\WINSXS\AMD64_MICROSOFT-WINDOWS-SERVICINGSTACK_31BF3856AD364E35_10.0.14393.693_NONE_42FF55C9655F38BF\TIWORKER.EXE
2017-02-01 16:58:05,\VOLUME{01d2783140af8e9f-14412537}\WINDOWS\WINSXS\AMD64_MICROSOFT-WINDOWS-SERVICINGSTACK_31BF3856AD364E35_10.0.14393.693_NONE_42FF55C9655F38BF\TIWORKER.EXE
2017-01-31 18:52:04,\VOLUME{01d2783140af8e9f-14412537}\WINDOWS\WINSXS\AMD64_MICROSOFT-WINDOWS-SERVICINGSTACK_31BF3856AD364E35_10.0.14393.693_NONE_42FF55C9655F38BF\TIWORKER.EXE
2017-01-28 22:01:30,\VOLUME{01d2783140af8e9f-14412537}\WINDOWS\WINSXS\AMD64_MICROSOFT-WINDOWS-SERVICINGSTACK_31BF3856AD364E35_10.0.14393.693_NONE_42FF55C9655F38BF\TIWORKER.EXE
2017-01-28 21:56:29,\VOLUME{01d2783140af8e9f-14412537}\WINDOWS\WINSXS\AMD64_MICROSOFT-WINDOWS-SERVICINGSTACK_31BF3856AD364E35_10.0.14393.693_NONE_42FF55C9655F38BF\TIWORKER.EXE
2017-01-28 21:51:30,\VOLUME{01d2783140af8e9f-14412537}\WINDOWS\WINSXS\AMD64_MICROSOFT-WINDOWS-SERVICINGSTACK_31BF3856AD364E35_10.0.14393.693_NONE_42FF55C9655F38BF\TIWORKER.EXE
2017-01-28 21:41:30,\VOLUME{01d2783140af8e9f-14412537}\WINDOWS\WINSXS\AMD64_MICROSOFT-WINDOWS-SERVICINGSTACK_31BF3856AD364E35_10.0.14393.693_NONE_42FF55C9655F38BF\TIWORKER.EXE
2017-02-06 19:18:53,\VOLUME{01d2783140af8e9f-14412537}\WINDOWS\SERVICING\TRUSTEDINSTALLER.EXE
2017-02-02 21:25:28,\VOLUME{01d2783140af8e9f-14412537}\WINDOWS\SERVICING\TRUSTEDINSTALLER.EXE
2017-02-01 16:58:05,\VOLUME{01d2783140af8e9f-14412537}\WINDOWS\SERVICING\TRUSTEDINSTALLER.EXE
2017-01-31 18:52:03,\VOLUME{01d2783140af8e9f-14412537}\WINDOWS\SERVICING\TRUSTEDINSTALLER.EXE
2017-01-30 18:48:53,\VOLUME{01d2783140af8e9f-14412537}\WINDOWS\SERVICING\TRUSTEDINSTALLER.EXE
2017-01-28 22:01:30,\VOLUME{01d2783140af8e9f-14412537}\WINDOWS\SERVICING\TRUSTEDINSTALLER.EXE
2017-01-28 21:56:29,\VOLUME{01d2783140af8e9f-14412537}\WINDOWS\SERVICING\TRUSTEDINSTALLER.EXE
2017-01-28 21:51:30,\VOLUME{01d2783140af8e9f-14412537}\WINDOWS\SERVICING\TRUSTEDINSTALLER.EXE
2017-01-27 16:54:46,\VOLUME{01d2783140af8e9f-14412537}\WINDOWS\SYSTEM32\UNREGMP2.EXE
2017-01-27 16:54:39,\VOLUME{01d2783140af8e9f-14412537}\WINDOWS\SYSTEM32\UNREGMP2.EXE
2017-01-27 02:47:57,\VOLUME{01d2783140af8e9f-14412537}\WINDOWS\SYSTEM32\UNREGMP2.EXE
2017-02-02 21:24:51,\VOLUME{01d2783140af8e9f-14412537}\WINDOWS\SYSTEM32\WBEM\UNSECAPP.EXE
2017-02-01 19:08:03,\VOLUME{01d2783140af8e9f-14412537}\WINDOWS\SYSTEM32\WBEM\UNSECAPP.EXE
2017-02-01 16:55:35,\VOLUME{01d2783140af8e9f-14412537}\WINDOWS\SYSTEM32\WBEM\UNSECAPP.EXE
2017-01-31 18:51:41,\VOLUME{01d2783140af8e9f-14412537}\WINDOWS\SYSTEM32\WBEM\UNSECAPP.EXE
2017-01-30 22:48:59,\VOLUME{01d2783140af8e9f-14412537}\WINDOWS\SYSTEM32\WBEM\UNSECAPP.EXE
2017-01-28 21:40:57,\VOLUME{01d2783140af8e9f-14412537}\WINDOWS\SYSTEM32\WBEM\UNSECAPP.EXE
2017-02-02 22:49:04,\VOLUME{01d2783140af8e9f-14412537}\USERS\SARAH M\APPDATA\LOCAL\YAHOOMESSENGER\UPDATE.EXE
2017-02-02 22:45:27,\VOLUME{01d2783140af8e9f-14412537}\USERS\SARAH M\APPDATA\LOCAL\YAHOOMESSENGER\UPDATE.EXE
2017-02-02 22:35:27,\VOLUME{01d2783140af8e9f-14412537}\USERS\SARAH M\APPDATA\LOCAL\YAHOOMESSENGER\UPDATE.EXE
2017-02-02 22:25:28,\VOLUME{01d2783140af8e9f-14412537}\USERS\SARAH M\APPDATA\LOCAL\YAHOOMESSENGER\UPDATE.EXE
2017-02-02 22:25:23,\VOLUME{01d2783140af8e9f-14412537}\USERS\SARAH M\APPDATA\LOCAL\YAHOOMESSENGER\UPDATE.EXE
2017-02-02 22:25:12,\VOLUME{01d2783140af8e9f-14412537}\USERS\SARAH M\APPDATA\LOCAL\SQUIRRELTEMP\UPDATE.EXE
2017-01-31 18:59:52,\VOLUME{01d2783140af8e9f-14412537}\PROGRAM FILES (X86)\SKYPE\UPDATER\UPDATER.EXE
2017-01-30 18:48:07,\VOLUME{01d2783140af8e9f-14412537}\PROGRAM FILES (X86)\SKYPE\UPDATER\UPDATER.EXE
2017-02-01 19:07:34,\VOLUME{01d2783140af8e9f-14412537}\WINDOWS\SYSTEM32\USERINIT.EXE
2017-02-01 16:55:08,\VOLUME{01d2783140af8e9f-14412537}\WINDOWS\SYSTEM32\USERINIT.EXE
2017-01-31 18:51:11,\VOLUME{01d2783140af8e9f-14412537}\WINDOWS\SYSTEM32\USERINIT.EXE
2017-01-30 22:34:50,\VOLUME{01d2783140af8e9f-14412537}\WINDOWS\SYSTEM32\USERINIT.EXE
2017-01-27 17:16:50,\VOLUME{01d2783140af8e9f-14412537}\WINDOWS\SYSTEM32\VERCLSID.EXE
2017-02-06 19:18:57,\VOLUME{01d2783140af8e9f-14412537}\WINDOWS\SYSTEM32\VSSVC.EXE
2017-01-27 17:11:24,\VOLUME{01d2783140af8e9f-14412537}\WINDOWS\SYSTEM32\VSSVC.EXE
2017-01-27 02:57:29,\VOLUME{01d2783140af8e9f-14412537}\WINDOWS\SYSTEM32\VSSVC.EXE
2017-02-06 19:16:06,\VOLUME{01d2783140af8e9f-14412537}\WINDOWS\SYSTEM32\WERFAULT.EXE
2017-02-02 22:53:21,\VOLUME{01d2783140af8e9f-14412537}\WINDOWS\SYSTEM32\WERFAULT.EXE
2017-02-02 22:38:26,\VOLUME{01d2783140af8e9f-14412537}\WINDOWS\SYSTEM32\WERFAULT.EXE
2017-02-01 19:59:37,\VOLUME{01d2783140af8e9f-14412537}\WINDOWS\SYSTEM32\WERFAULT.EXE
2017-02-01 17:31:15,\VOLUME{01d2783140af8e9f-14412537}\WINDOWS\SYSTEM32\WERFAULT.EXE
2017-01-30 23:08:09,\VOLUME{01d2783140af8e9f-14412537}\WINDOWS\SYSTEM32\WERFAULT.EXE
2017-01-30 23:08:09,\VOLUME{01d2783140af8e9f-14412537}\WINDOWS\SYSTEM32\WERFAULT.EXE
2017-01-27 02:43:29,\VOLUME{01d2783140af8e9f-14412537}\WINDOWS\WINSXS\X86_NETFX35CDF-CSD_CDF_INSTALLER_31BF3856AD364E35_10.0.14393.0_NONE_29B1E83C8A4AA586\WFSERVICESREG.EXE
2017-01-27 02:43:30,\VOLUME{01d2783140af8e9f-14412537}\WINDOWS\WINSXS\AMD64_NETFX35CDF-CSD_CDF_INSTALLER_31BF3856AD364E35_10.0.14393.0_NONE_85D083C042A816BC\WFSERVICESREG.EXE
2017-02-02 22:05:22,\VOLUME{01d2783140af8e9f-14412537}\WINDOWS\SYSTEM32\WIFITASK.EXE
2017-02-01 19:09:31,\VOLUME{01d2783140af8e9f-14412537}\WINDOWS\SYSTEM32\WIFITASK.EXE
2017-02-01 16:57:05,\VOLUME{01d2783140af8e9f-14412537}\WINDOWS\SYSTEM32\WIFITASK.EXE
2017-01-30 22:56:25,\VOLUME{01d2783140af8e9f-14412537}\WINDOWS\SYSTEM32\WIFITASK.EXE
2017-01-30 22:50:52,\VOLUME{01d2783140af8e9f-14412537}\WINDOWS\SYSTEM32\WIFITASK.EXE
2017-01-30 18:48:47,\VOLUME{01d2783140af8e9f-14412537}\WINDOWS\SYSTEM32\WIFITASK.EXE
2017-01-28 22:37:34,\VOLUME{01d2783140af8e9f-14412537}\WINDOWS\SYSTEM32\WIFITASK.EXE
2017-01-28 22:36:59,\VOLUME{01d2783140af8e9f-14412537}\WINDOWS\SYSTEM32\WIFITASK.EXE
2017-02-02 22:53:20,\VOLUME{01d2783140af8e9f-14412537}\WINDOWS\SYSTEM32\WINLOGON.EXE
2017-02-01 19:59:36,\VOLUME{01d2783140af8e9f-14412537}\WINDOWS\SYSTEM32\WINLOGON.EXE
2017-02-01 17:54:16,\VOLUME{01d2783140af8e9f-14412537}\WINDOWS\SYSTEM32\WINLOGON.EXE
2017-01-31 20:01:41,\VOLUME{01d2783140af8e9f-14412537}\WINDOWS\SYSTEM32\WINLOGON.EXE
2017-01-30 23:08:07,\VOLUME{01d2783140af8e9f-14412537}\WINDOWS\SYSTEM32\WINLOGON.EXE
2017-01-30 19:28:17,\VOLUME{01d2783140af8e9f-14412537}\WINDOWS\SYSTEM32\WINLOGON.EXE
2017-01-28 22:44:52,\VOLUME{01d2783140af8e9f-14412537}\WINDOWS\SYSTEM32\WINLOGON.EXE
2017-01-27 18:54:20,\VOLUME{01d2783140af8e9f-14412537}\WINDOWS\SYSTEM32\WINLOGON.EXE
2017-01-27 02:55:57,\VOLUME{01d2783140af8e9f-14412537}\WINDOWS\SYSTEM32\WLANEXT.EXE
2017-01-30 22:51:21,\VOLUME{01d2783140af8e9f-14412537}\WINDOWS\SYSTEM32\WBEM\WMIADAP.EXE
2017-01-28 21:39:30,\VOLUME{01d2783140af8e9f-14412537}\WINDOWS\SYSTEM32\WBEM\WMIADAP.EXE
2017-01-27 16:56:40,\VOLUME{01d2783140af8e9f-14412537}\WINDOWS\SYSTEM32\WBEM\WMIADAP.EXE
2017-01-27 02:55:03,\VOLUME{01d2783140af8e9f-14412537}\WINDOWS\SYSTEM32\WBEM\WMIADAP.EXE
2017-02-02 22:49:05,\VOLUME{01d2783140af8e9f-14412537}\WINDOWS\SYSWOW64\WBEM\WMIC.EXE
2017-02-02 22:26:09,\VOLUME{01d2783140af8e9f-14412537}\WINDOWS\SYSWOW64\WBEM\WMIC.EXE
2017-02-02 22:26:02,\VOLUME{01d2783140af8e9f-14412537}\WINDOWS\SYSWOW64\WBEM\WMIC.EXE
2017-02-02 22:25:35,\VOLUME{01d2783140af8e9f-14412537}\WINDOWS\SYSWOW64\WBEM\WMIC.EXE
2017-02-02 22:25:30,\VOLUME{01d2783140af8e9f-14412537}\WINDOWS\SYSWOW64\WBEM\WMIC.EXE
2017-02-02 22:25:27,\VOLUME{01d2783140af8e9f-14412537}\WINDOWS\SYSWOW64\WBEM\WMIC.EXE
2017-02-02 22:25:27,\VOLUME{01d2783140af8e9f-14412537}\WINDOWS\SYSWOW64\WBEM\WMIC.EXE
2017-02-02 22:25:26,\VOLUME{01d2783140af8e9f-14412537}\WINDOWS\SYSWOW64\WBEM\WMIC.EXE
2017-01-28 21:40:55,\VOLUME{01d2783140af8e9f-14412537}\WINDOWS\SYSWOW64\WBEM\WMIPRVSE.EXE
2017-01-27 16:56:12,\VOLUME{01d2783140af8e9f-14412537}\WINDOWS\SYSTEM32\WBEM\WMIPRVSE.EXE
2017-01-27 02:59:26,\VOLUME{01d2783140af8e9f-14412537}\WINDOWS\SYSTEM32\WBEM\WMIPRVSE.EXE
2017-01-27 02:53:47,\VOLUME{01d2783140af8e9f-14412537}\WINDOWS\SYSTEM32\WBEM\WMIPRVSE.EXE
2017-02-02 21:24:35,\VOLUME{01d2783140af8e9f-14412537}\PROGRAM FILES\INTEL CORPORATION\INTEL WIDI\WRU.EXE
2017-02-01 19:07:54,\VOLUME{01d2783140af8e9f-14412537}\PROGRAM FILES\INTEL CORPORATION\INTEL WIDI\WRU.EXE
2017-02-01 16:55:26,\VOLUME{01d2783140af8e9f-14412537}\PROGRAM FILES\INTEL CORPORATION\INTEL WIDI\WRU.EXE
2017-01-31 18:51:30,\VOLUME{01d2783140af8e9f-14412537}\PROGRAM FILES\INTEL CORPORATION\INTEL WIDI\WRU.EXE
2017-01-30 22:48:48,\VOLUME{01d2783140af8e9f-14412537}\PROGRAM FILES\INTEL CORPORATION\INTEL WIDI\WRU.EXE
2017-01-30 22:35:14,\VOLUME{01d2783140af8e9f-14412537}\PROGRAM FILES\INTEL CORPORATION\INTEL WIDI\WRU.EXE
2017-01-30 18:46:27,\VOLUME{01d2783140af8e9f-14412537}\PROGRAM FILES\INTEL CORPORATION\INTEL WIDI\WRU.EXE
2017-01-28 21:40:47,\VOLUME{01d2783140af8e9f-14412537}\PROGRAM FILES\INTEL CORPORATION\INTEL WIDI\WRU.EXE
2017-02-02 21:26:33,\VOLUME{01d2783140af8e9f-14412537}\WINDOWS\SYSTEM32\WUAUCLT.EXE
2017-02-01 16:58:53,\VOLUME{01d2783140af8e9f-14412537}\WINDOWS\SYSTEM32\WUAUCLT.EXE
2017-01-31 19:00:22,\VOLUME{01d2783140af8e9f-14412537}\WINDOWS\SYSTEM32\WUAUCLT.EXE
2017-01-30 18:47:25,\VOLUME{01d2783140af8e9f-14412537}\WINDOWS\SYSTEM32\WUAUCLT.EXE
2017-01-27 17:13:14,\VOLUME{01d2783140af8e9f-14412537}\WINDOWS\SYSTEM32\WUAUCLT.EXE
2017-01-27 17:12:51,\VOLUME{01d2783140af8e9f-14412537}\WINDOWS\SYSTEM32\WUAUCLT.EXE
2017-01-27 17:11:50,\VOLUME{01d2783140af8e9f-14412537}\WINDOWS\SYSTEM32\WUAUCLT.EXE
2017-02-02 22:38:09,\VOLUME{01d2783140af8e9f-14412537}\WINDOWS\SYSTEM32\WUDFHOST.EXE
2017-02-02 21:53:10,\VOLUME{01d2783140af8e9f-14412537}\WINDOWS\SYSTEM32\WUDFHOST.EXE
2017-02-02 22:49:04,\VOLUME{01d2783140af8e9f-14412537}\USERS\SARAH M\APPDATA\LOCAL\YAHOOMESSENGER\APP-0.8.288\YAHOO MESSENGER.EXE
2017-02-02 22:25:25,\VOLUME{01d2783140af8e9f-14412537}\USERS\SARAH M\APPDATA\LOCAL\YAHOOMESSENGER\APP-0.8.288\YAHOO MESSENGER.EXE
2017-02-02 22:25:20,\VOLUME{01d2783140af8e9f-14412537}\USERS\SARAH M\APPDATA\LOCAL\YAHOOMESSENGER\APP-0.8.288\YAHOO MESSENGER.EXE
2017-02-02 22:26:09,\VOLUME{01d2783140af8e9f-14412537}\USERS\SARAH M\APPDATA\LOCAL\YAHOOMESSENGER\APP-0.8.288\YAHOO MESSENGER.EXE
2017-02-02 22:26:02,\VOLUME{01d2783140af8e9f-14412537}\USERS\SARAH M\APPDATA\LOCAL\YAHOOMESSENGER\APP-0.8.288\YAHOO MESSENGER.EXE
2017-02-02 22:25:34,\VOLUME{01d2783140af8e9f-14412537}\USERS\SARAH M\APPDATA\LOCAL\YAHOOMESSENGER\APP-0.8.288\YAHOO MESSENGER.EXE
2017-02-02 22:25:27,\VOLUME{01d2783140af8e9f-14412537}\USERS\SARAH M\APPDATA\LOCAL\YAHOOMESSENGER\APP-0.8.288\YAHOO MESSENGER.EXE
2017-02-02 22:25:27,\VOLUME{01d2783140af8e9f-14412537}\USERS\SARAH M\APPDATA\LOCAL\YAHOOMESSENGER\APP-0.8.288\YAHOO MESSENGER.EXE
2017-02-02 22:25:23,\VOLUME{01d2783140af8e9f-14412537}\USERS\SARAH M\APPDATA\LOCAL\YAHOOMESSENGER\APP-0.8.288\YAHOO MESSENGER.EXE
2017-02-02 22:25:11,YAHOO-MESSENGER-0.8.288-WIN32
2017-02-02 22:25:37,\VOLUME{01d2783140af8e9f-14412537}\USERS\SARAH M\APPDATA\LOCAL\YAHOOMESSENGER\APP-0.8.288\RESOURCES\APP.ASAR.UNPACKED\NATIVE\WIN32\YAHOOMESSENGEREXT.EXE
2017-02-02 22:25:28,\VOLUME{01d2783140af8e9f-14412537}\USERS\SARAH M\APPDATA\LOCAL\YAHOOMESSENGER\APP-0.8.288\RESOURCES\APP.ASAR.UNPACKED\NATIVE\WIN32\YAHOOMESSENGEREXT.EXE
2017-02-02 22:25:27,\VOLUME{01d2783140af8e9f-14412537}\USERS\SARAH M\APPDATA\LOCAL\YAHOOMESSENGER\APP-0.8.288\RESOURCES\APP.ASAR.UNPACKED\NATIVE\WIN32\YAHOOMESSENGEREXT.EXE
2017-02-02 22:25:27,\VOLUME{01d2783140af8e9f-14412537}\USERS\SARAH M\APPDATA\LOCAL\YAHOOMESSENGER\APP-0.8.288\RESOURCES\APP.ASAR.UNPACKED\NATIVE\WIN32\YAHOOMESSENGEREXT.EXE
2017-02-02 22:25:27,\VOLUME{01d2783140af8e9f-14412537}\USERS\SARAH M\APPDATA\LOCAL\YAHOOMESSENGER\APP-0.8.288\RESOURCES\APP.ASAR.UNPACKED\NATIVE\WIN32\YAHOOMESSENGEREXT.EXE
2017-02-02 22:25:27,\VOLUME{01d2783140af8e9f-14412537}\USERS\SARAH M\APPDATA\LOCAL\YAHOOMESSENGER\APP-0.8.288\RESOURCES\APP.ASAR.UNPACKED\NATIVE\WIN32\YAHOOMESSENGEREXT.EXE
